fold,stream,alpha,f1,fired,np,wr
W1_IS,S1,0.5,600,54,22.0,22.2
W1_IS,S2,0.5,600,46,1108.0,28.3
W1_IS,S3,0.5,600,50,237.0,24.0
W1_IS,S4,0.5,600,42,1100.0,28.6
W1_IS,S5,0.5,600,52,132.0,23.1
W1_IS,S6,0.5,600,62,116.0,21.0
W1_IS,S1,0.5,1800,74,-258.0,20.3
W1_IS,S2,0.5,1800,60,524.0,21.7
W1_IS,S3,0.5,1800,68,39.0,22.1
W1_IS,S4,0.5,1800,60,940.0,25.0
W1_IS,S5,0.5,1800,64,-330.0,18.8
W1_IS,S6,0.5,1800,76,-468.0,17.1
W1_IS,S1,0.6,600,54,-746.0,18.5
W1_IS,S2,0.6,600,46,214.0,23.9
W1_IS,S3,0.6,600,50,-495.0,20.0
W1_IS,S4,0.6,600,42,242.0,23.8
W1_IS,S5,0.6,600,52,-525.0,19.2
W1_IS,S6,0.6,600,62,-853.0,17.7
W1_IS,S1,0.6,1800,74,-1015.0,17.6
W1_IS,S2,0.6,1800,60,-370.0,18.3
W1_IS,S3,0.6,1800,68,-682.0,19.1
W1_IS,S4,0.6,1800,60,94.0,21.7
W1_IS,S5,0.6,1800,64,-987.0,15.6
W1_IS,S6,0.6,1800,76,-1437.0,14.5
W1_IS,S1,0.7,600,54,-1213.0,14.8
W1_IS,S2,0.7,600,46,-359.0,19.6
W1_IS,S3,0.7,600,50,-965.0,16.0
W1_IS,S4,0.7,600,42,-321.0,19.0
W1_IS,S5,0.7,600,52,-997.0,15.4
W1_IS,S6,0.7,600,62,-1406.0,14.5
W1_IS,S1,0.7,1800,74,-1472.0,14.9
W1_IS,S2,0.7,1800,60,-766.0,16.7
W1_IS,S3,0.7,1800,68,-1141.0,16.2
W1_IS,S4,0.7,1800,60,-459.0,18.3
W1_IS,S5,0.7,1800,64,-1459.0,12.5
W1_IS,S6,0.7,1800,76,-1799.0,13.2
W1_OOS,S1,0.5,600,18,1072.0,44.4
W1_OOS,S2,0.5,600,26,1554.0,46.2
W1_OOS,S3,0.5,600,18,1072.0,44.4
W1_OOS,S4,0.5,600,14,468.0,28.6
W1_OOS,S5,0.5,600,18,1012.0,44.4
W1_OOS,S6,0.5,600,34,2240.0,47.1
W1_OOS,S1,0.5,1800,30,1848.0,46.7
W1_OOS,S2,0.5,1800,32,1282.0,37.5
W1_OOS,S3,0.5,1800,30,1848.0,46.7
W1_OOS,S4,0.5,1800,22,707.0,31.8
W1_OOS,S5,0.5,1800,26,1936.0,53.8
W1_OOS,S6,0.5,1800,42,1880.0,38.1
W1_OOS,S1,0.6,600,18,1337.0,55.6
W1_OOS,S2,0.6,600,26,884.0,38.5
W1_OOS,S3,0.6,600,18,1337.0,55.6
W1_OOS,S4,0.6,600,14,732.0,42.9
W1_OOS,S5,0.6,600,18,1258.0,55.6
W1_OOS,S6,0.6,600,34,1540.0,41.2
W1_OOS,S1,0.6,1800,30,1514.0,46.7
W1_OOS,S2,0.6,1800,32,612.0,31.2
W1_OOS,S3,0.6,1800,30,1514.0,46.7
W1_OOS,S4,0.6,1800,22,980.0,40.9
W1_OOS,S5,0.6,1800,26,1584.0,53.8
W1_OOS,S6,0.6,1800,42,1180.0,33.3
W1_OOS,S1,0.7,600,18,119.0,33.3
W1_OOS,S2,0.7,600,26,220.0,30.8
W1_OOS,S3,0.7,600,18,119.0,33.3
W1_OOS,S4,0.7,600,14,-4.0,28.6
W1_OOS,S5,0.7,600,18,112.0,33.3
W1_OOS,S6,0.7,600,34,178.0,29.4
W1_OOS,S1,0.7,1800,30,314.0,33.3
W1_OOS,S2,0.7,1800,32,-52.0,25.0
W1_OOS,S3,0.7,1800,30,314.0,33.3
W1_OOS,S4,0.7,1800,22,252.0,31.8
W1_OOS,S5,0.7,1800,26,455.0,38.5
W1_OOS,S6,0.7,1800,42,-182.0,23.8
W2_IS,S1,0.5,600,52,1138.0,26.9
W2_IS,S2,0.5,600,56,2672.0,37.5
W2_IS,S3,0.5,600,48,1314.0,29.2
W2_IS,S4,0.5,600,44,1040.0,27.3
W2_IS,S5,0.5,600,50,1188.0,28.0
W2_IS,S6,0.5,600,68,3220.0,33.8
W2_IS,S1,0.5,1800,68,2030.0,30.9
W2_IS,S2,0.5,1800,64,2260.0,32.8
W2_IS,S3,0.5,1800,64,2206.0,32.8
W2_IS,S4,0.5,1800,56,1273.0,28.6
W2_IS,S5,0.5,1800,58,2255.0,34.5
W2_IS,S6,0.5,1800,78,2640.0,29.5
W2_IS,S1,0.6,600,52,857.0,26.9
W2_IS,S2,0.6,600,56,1141.0,30.4
W2_IS,S3,0.6,600,48,1033.0,29.2
W2_IS,S4,0.6,600,44,738.0,27.3
W2_IS,S5,0.6,600,50,889.0,28.0
W2_IS,S6,0.6,600,68,1536.0,27.9
W2_IS,S1,0.6,1800,68,1046.0,27.9
W2_IS,S2,0.6,1800,64,729.0,26.6
W2_IS,S3,0.6,1800,64,1222.0,29.7
W2_IS,S4,0.6,1800,56,989.0,28.6
W2_IS,S5,0.6,1800,58,1283.0,31.0
W2_IS,S6,0.6,1800,78,956.0,24.4
W2_IS,S1,0.7,600,52,-558.0,19.2
W2_IS,S2,0.7,600,56,328.0,26.8
W2_IS,S3,0.7,600,48,-382.0,20.8
W2_IS,S4,0.7,600,44,-64.0,22.7
W2_IS,S5,0.7,600,50,-491.0,20.0
W2_IS,S6,0.7,600,68,-334.0,22.1
W2_IS,S1,0.7,1800,68,-339.0,22.1
W2_IS,S2,0.7,1800,64,45.0,25.0
W2_IS,S3,0.7,1800,64,-163.0,23.4
W2_IS,S4,0.7,1800,56,205.0,25.0
W2_IS,S5,0.7,1800,58,-77.0,24.1
W2_IS,S6,0.7,1800,78,-778.0,20.5
W2_OOS,S1,0.5,600,8,462.0,50.0
W2_OOS,S2,0.5,600,12,348.0,33.3
W2_OOS,S3,0.5,600,8,462.0,50.0
W2_OOS,S4,0.5,600,8,539.0,50.0
W2_OOS,S5,0.5,600,8,451.0,50.0
W2_OOS,S6,0.5,600,12,348.0,33.3
W2_OOS,S1,0.5,1800,12,809.0,58.3
W2_OOS,S2,0.5,1800,24,306.0,25.0
W2_OOS,S3,0.5,1800,12,809.0,58.3
W2_OOS,S4,0.5,1800,12,924.0,58.3
W2_OOS,S5,0.5,1800,10,759.0,60.0
W2_OOS,S6,0.5,1800,26,226.0,23.1
W2_OOS,S1,0.6,600,8,462.0,50.0
W2_OOS,S2,0.6,600,12,348.0,33.3
W2_OOS,S3,0.6,600,8,462.0,50.0
W2_OOS,S4,0.6,600,8,539.0,50.0
W2_OOS,S5,0.6,600,8,451.0,50.0
W2_OOS,S6,0.6,600,12,348.0,33.3
W2_OOS,S1,0.6,1800,12,816.0,58.3
W2_OOS,S2,0.6,1800,24,306.0,25.0
W2_OOS,S3,0.6,1800,12,816.0,58.3
W2_OOS,S4,0.6,1800,12,932.0,58.3
W2_OOS,S5,0.6,1800,10,759.0,60.0
W2_OOS,S6,0.6,1800,26,354.0,26.9
W2_OOS,S1,0.7,600,8,-46.0,25.0
W2_OOS,S2,0.7,600,12,-230.0,16.7
W2_OOS,S3,0.7,600,8,-46.0,25.0
W2_OOS,S4,0.7,600,8,-46.0,25.0
W2_OOS,S5,0.7,600,8,-57.0,25.0
W2_OOS,S6,0.7,600,12,-230.0,16.7
W2_OOS,S1,0.7,1800,12,316.0,41.7
W2_OOS,S2,0.7,1800,24,-272.0,16.7
W2_OOS,S3,0.7,1800,12,316.0,41.7
W2_OOS,S4,0.7,1800,12,354.0,41.7
W2_OOS,S5,0.7,1800,10,251.0,40.0
W2_OOS,S6,0.7,1800,26,-216.0,19.2
W3_IS,S1,0.5,600,26,1688.0,46.2
W3_IS,S2,0.5,600,38,2014.0,42.1
W3_IS,S3,0.5,600,26,1688.0,46.2
W3_IS,S4,0.5,600,22,1150.0,36.4
W3_IS,S5,0.5,600,26,1595.0,46.2
W3_IS,S6,0.5,600,46,2712.0,43.5
W3_IS,S1,0.5,1800,42,2934.0,50.0
W3_IS,S2,0.5,1800,56,1694.0,32.1
W3_IS,S3,0.5,1800,42,2934.0,50.0
W3_IS,S4,0.5,1800,34,1911.0,41.2
W3_IS,S5,0.5,1800,36,2915.0,55.6
W3_IS,S6,0.5,1800,68,2188.0,32.4
W3_IS,S1,0.6,600,26,1953.0,53.8
W3_IS,S2,0.6,600,38,1344.0,36.8
W3_IS,S3,0.6,600,26,1953.0,53.8
W3_IS,S4,0.6,600,22,1414.0,45.5
W3_IS,S5,0.6,600,26,1841.0,53.8
W3_IS,S6,0.6,600,46,2012.0,39.1
W3_IS,S1,0.6,1800,42,2610.0,50.0
W3_IS,S2,0.6,1800,56,1024.0,28.6
W3_IS,S3,0.6,1800,42,2610.0,50.0
W3_IS,S4,0.6,1800,34,2195.0,47.1
W3_IS,S5,0.6,1800,36,2563.0,55.6
W3_IS,S6,0.6,1800,68,1654.0,30.9
W3_IS,S1,0.7,600,26,45.0,30.8
W3_IS,S2,0.7,600,38,-80.0,26.3
W3_IS,S3,0.7,600,26,45.0,30.8
W3_IS,S4,0.7,600,22,-75.0,27.3
W3_IS,S5,0.7,600,26,42.0,30.8
W3_IS,S6,0.7,600,46,-141.0,26.1
W3_IS,S1,0.7,1800,42,731.0,35.7
W3_IS,S2,0.7,1800,56,-400.0,21.4
W3_IS,S3,0.7,1800,42,731.0,35.7
W3_IS,S4,0.7,1800,34,725.0,35.3
W3_IS,S5,0.7,1800,36,781.0,38.9
W3_IS,S6,0.7,1800,68,-488.0,22.1
W3_OOS,S1,0.5,600,20,77.0,20.0
W3_OOS,S2,0.5,600,26,354.0,23.1
W3_OOS,S3,0.5,600,20,77.0,20.0
W3_OOS,S4,0.5,600,20,148.0,20.0
W3_OOS,S5,0.5,600,20,49.0,20.0
W3_OOS,S6,0.5,600,28,312.0,21.4
W3_OOS,S1,0.5,1800,30,-352.0,13.3
W3_OOS,S2,0.5,1800,42,396.0,23.8
W3_OOS,S3,0.5,1800,30,-352.0,13.3
W3_OOS,S4,0.5,1800,30,-253.0,13.3
W3_OOS,S5,0.5,1800,28,-281.0,14.3
W3_OOS,S6,0.5,1800,44,372.0,22.7
W3_OOS,S1,0.6,600,20,77.0,20.0
W3_OOS,S2,0.6,600,26,26.0,19.2
W3_OOS,S3,0.6,600,20,77.0,20.0
W3_OOS,S4,0.6,600,20,149.0,20.0
W3_OOS,S5,0.6,600,20,50.0,20.0
W3_OOS,S6,0.6,600,28,-31.0,17.9
W3_OOS,S1,0.6,1800,30,-352.0,13.3
W3_OOS,S2,0.6,1800,42,-242.0,19.0
W3_OOS,S3,0.6,1800,30,-352.0,13.3
W3_OOS,S4,0.6,1800,30,-253.0,13.3
W3_OOS,S5,0.6,1800,28,-280.0,14.3
W3_OOS,S6,0.6,1800,44,-297.0,18.2
W3_OOS,S1,0.7,600,20,77.0,20.0
W3_OOS,S2,0.7,600,26,320.0,26.9
W3_OOS,S3,0.7,600,20,77.0,20.0
W3_OOS,S4,0.7,600,20,149.0,20.0
W3_OOS,S5,0.7,600,20,50.0,20.0
W3_OOS,S6,0.7,600,28,277.0,25.0
W3_OOS,S1,0.7,1800,30,-352.0,13.3
W3_OOS,S2,0.7,1800,42,77.0,23.8
W3_OOS,S3,0.7,1800,30,-352.0,13.3
W3_OOS,S4,0.7,1800,30,-253.0,13.3
W3_OOS,S5,0.7,1800,28,-280.0,14.3
W3_OOS,S6,0.7,1800,44,38.0,22.7
W4_IS,S1,0.5,600,28,566.0,28.6
W4_IS,S2,0.5,600,38,812.0,26.3
W4_IS,S3,0.5,600,28,572.0,28.6
W4_IS,S4,0.5,600,28,754.0,28.6
W4_IS,S5,0.5,600,28,517.0,28.6
W4_IS,S6,0.5,600,40,752.0,25.0
W4_IS,S1,0.5,1800,42,297.0,26.2
W4_IS,S2,0.5,1800,66,844.0,24.2
W4_IS,S3,0.5,1800,42,319.0,26.2
W4_IS,S4,0.5,1800,42,578.0,26.2
W4_IS,S5,0.5,1800,38,396.0,26.3
W4_IS,S6,0.5,1800,70,700.0,22.9
W4_IS,S1,0.6,600,28,567.0,28.6
W4_IS,S2,0.6,600,38,375.0,23.7
W4_IS,S3,0.6,600,28,572.0,28.6
W4_IS,S4,0.6,600,28,754.0,28.6
W4_IS,S5,0.6,600,28,517.0,28.6
W4_IS,S6,0.6,600,40,284.0,22.5
W4_IS,S1,0.6,1800,42,305.0,26.2
W4_IS,S2,0.6,1800,66,-22.0,21.2
W4_IS,S3,0.6,1800,42,327.0,26.2
W4_IS,S4,0.6,1800,42,585.0,26.2
W4_IS,S5,0.6,1800,38,396.0,26.3
W4_IS,S6,0.6,1800,70,-99.0,21.4
W4_IS,S1,0.7,600,28,58.0,21.4
W4_IS,S2,0.7,600,38,203.0,23.7
W4_IS,S3,0.7,600,28,64.0,21.4
W4_IS,S4,0.7,600,28,168.0,21.4
W4_IS,S5,0.7,600,28,9.0,21.4
W4_IS,S6,0.7,600,40,140.0,22.5
W4_IS,S1,0.7,1800,42,-196.0,21.4
W4_IS,S2,0.7,1800,66,-159.0,21.2
W4_IS,S3,0.7,1800,42,-174.0,21.4
W4_IS,S4,0.7,1800,42,8.0,21.4
W4_IS,S5,0.7,1800,38,-112.0,21.1
W4_IS,S6,0.7,1800,70,-198.0,21.4
W4_OOS,S1,0.5,600,18,-462.0,11.1
W4_OOS,S2,0.5,600,16,-400.0,12.5
W4_OOS,S3,0.5,600,14,-308.0,14.3
W4_OOS,S4,0.5,600,10,-154.0,20.0
W4_OOS,S5,0.5,600,18,-462.0,11.1
W4_OOS,S6,0.5,600,24,-712.0,8.3
W4_OOS,S1,0.5,1800,22,-501.0,13.6
W4_OOS,S2,0.5,1800,20,-556.0,10.0
W4_OOS,S3,0.5,1800,18,-347.0,16.7
W4_OOS,S4,0.5,1800,14,-193.0,21.4
W4_OOS,S5,0.5,1800,22,-501.0,13.6
W4_OOS,S6,0.5,1800,28,-868.0,7.1
W4_OOS,S1,0.6,600,18,-447.0,11.1
W4_OOS,S2,0.6,600,16,-384.0,12.5
W4_OOS,S3,0.6,600,14,-293.0,14.3
W4_OOS,S4,0.6,600,10,-139.0,20.0
W4_OOS,S5,0.6,600,18,-447.0,11.1
W4_OOS,S6,0.6,600,24,-696.0,8.3
W4_OOS,S1,0.6,1800,22,-477.0,13.6
W4_OOS,S2,0.6,1800,20,-540.0,10.0
W4_OOS,S3,0.6,1800,18,-323.0,16.7
W4_OOS,S4,0.6,1800,14,-169.0,21.4
W4_OOS,S5,0.6,1800,22,-477.0,13.6
W4_OOS,S6,0.6,1800,28,-852.0,7.1
W4_OOS,S1,0.7,600,18,-431.0,11.1
W4_OOS,S2,0.7,600,16,-368.0,12.5
W4_OOS,S3,0.7,600,14,-277.0,14.3
W4_OOS,S4,0.7,600,10,-123.0,20.0
W4_OOS,S5,0.7,600,18,-431.0,11.1
W4_OOS,S6,0.7,600,24,-680.0,8.3
W4_OOS,S1,0.7,1800,22,-454.0,13.6
W4_OOS,S2,0.7,1800,20,-524.0,10.0
W4_OOS,S3,0.7,1800,18,-300.0,16.7
W4_OOS,S4,0.7,1800,14,-146.0,21.4
W4_OOS,S5,0.7,1800,22,-454.0,13.6
W4_OOS,S6,0.7,1800,28,-836.0,7.1
