fold,stream,fractal,parent_sls,parent_np,hedge_fired,hedge_np,hedge_wr
W1_IS,S1,OFF,49,5655.0,74,-258.0,20.3
W1_IS,S2,OFF,36,7193.0,60,524.0,21.7
W1_IS,S3,OFF,46,5389.0,68,39.0,22.1
W1_IS,S4,OFF,38,5062.0,60,940.0,25.0
W1_IS,S5,OFF,41,3805.0,64,-330.0,18.8
W1_IS,S6,OFF,47,8702.0,76,-468.0,17.1
W1_IS,S1,ON_w5,49,5655.0,62,-338.0,19.4
W1_IS,S2,ON_w5,36,7193.0,56,-1460.0,7.1
W1_IS,S3,ON_w5,46,5389.0,60,-286.0,20.0
W1_IS,S4,ON_w5,38,5062.0,54,-435.0,18.5
W1_IS,S5,ON_w5,41,3805.0,54,-347.0,18.5
W1_IS,S6,ON_w5,47,8702.0,66,-1848.0,6.1
W1_OOS,S1,OFF,24,3761.0,30,1848.0,46.7
W1_OOS,S2,OFF,23,3208.0,32,1282.0,37.5
W1_OOS,S3,OFF,24,3761.0,30,1848.0,46.7
W1_OOS,S4,OFF,19,3538.0,22,707.0,31.8
W1_OOS,S5,OFF,19,2839.0,26,1936.0,53.8
W1_OOS,S6,OFF,28,3748.0,42,1880.0,38.1
W1_OOS,S1,ON_w5,24,3761.0,28,1650.0,46.4
W1_OOS,S2,ON_w5,23,3208.0,32,1162.0,34.4
W1_OOS,S3,ON_w5,24,3761.0,28,1650.0,46.4
W1_OOS,S4,ON_w5,19,3538.0,20,468.0,30.0
W1_OOS,S5,ON_w5,19,2839.0,24,1760.0,54.2
W1_OOS,S6,ON_w5,28,3748.0,42,1754.0,35.7
W2_IS,S1,OFF,47,6127.0,68,2030.0,30.9
W2_IS,S2,OFF,40,6322.0,64,2260.0,32.8
W2_IS,S3,OFF,45,6423.0,64,2206.0,32.8
W2_IS,S4,OFF,38,5190.0,56,1273.0,28.6
W2_IS,S5,OFF,37,5134.0,58,2255.0,34.5
W2_IS,S6,OFF,48,8774.0,78,2640.0,29.5
W2_IS,S1,ON_w5,47,6127.0,60,2423.0,38.3
W2_IS,S2,ON_w5,40,6322.0,60,1312.0,25.0
W2_IS,S3,ON_w5,45,6423.0,60,2423.0,38.3
W2_IS,S4,ON_w5,38,5190.0,50,671.0,28.0
W2_IS,S5,ON_w5,37,5134.0,50,2546.0,42.0
W2_IS,S6,ON_w5,48,8774.0,72,2184.0,26.4
W2_OOS,S1,OFF,16,4396.0,12,809.0,58.3
W2_OOS,S2,OFF,18,3621.0,24,306.0,25.0
W2_OOS,S3,OFF,16,3920.0,12,809.0,58.3
W2_OOS,S4,OFF,15,3936.0,12,924.0,58.3
W2_OOS,S5,OFF,11,3515.0,10,759.0,60.0
W2_OOS,S6,OFF,19,4124.0,26,226.0,23.1
W2_OOS,S1,ON_w5,16,4396.0,10,385.0,40.0
W2_OOS,S2,ON_w5,18,3621.0,22,78.0,22.7
W2_OOS,S3,ON_w5,16,3920.0,10,385.0,40.0
W2_OOS,S4,ON_w5,15,3936.0,10,462.0,40.0
W2_OOS,S5,ON_w5,11,3515.0,8,451.0,50.0
W2_OOS,S6,ON_w5,19,4124.0,24,-2.0,20.8
W3_IS,S1,OFF,40,9669.0,42,2934.0,50.0
W3_IS,S2,OFF,41,7969.0,56,1694.0,32.1
W3_IS,S3,OFF,40,9035.0,42,2934.0,50.0
W3_IS,S4,OFF,34,8815.0,34,1911.0,41.2
W3_IS,S5,OFF,30,7308.0,36,2915.0,55.6
W3_IS,S6,OFF,47,9448.0,68,2188.0,32.4
W3_IS,S1,ON_w5,40,9669.0,38,2162.0,44.7
W3_IS,S2,ON_w5,41,7969.0,54,1256.0,29.6
W3_IS,S3,ON_w5,40,9035.0,38,2162.0,44.7
W3_IS,S4,ON_w5,34,8815.0,30,1045.0,33.3
W3_IS,S5,ON_w5,30,7308.0,32,2343.0,53.1
W3_IS,S6,ON_w5,47,9448.0,66,1750.0,30.3
W3_OOS,S1,OFF,27,1564.0,30,-352.0,13.3
W3_OOS,S2,OFF,27,1721.0,42,396.0,23.8
W3_OOS,S3,OFF,27,1564.0,30,-352.0,13.3
W3_OOS,S4,OFF,27,721.0,30,-253.0,13.3
W3_OOS,S5,OFF,22,1487.0,28,-281.0,14.3
W3_OOS,S6,OFF,28,2185.0,44,372.0,22.7
W3_OOS,S1,ON_w5,27,1564.0,30,-220.0,16.7
W3_OOS,S2,ON_w5,27,1721.0,42,198.0,23.8
W3_OOS,S3,ON_w5,27,1564.0,30,-220.0,16.7
W3_OOS,S4,ON_w5,27,721.0,30,-138.0,16.7
W3_OOS,S5,ON_w5,22,1487.0,28,-149.0,17.9
W3_OOS,S6,ON_w5,28,2185.0,44,164.0,22.7
W4_IS,S1,OFF,43,6632.0,42,297.0,26.2
W4_IS,S2,OFF,45,5941.0,66,844.0,24.2
W4_IS,S3,OFF,43,6094.0,42,319.0,26.2
W4_IS,S4,OFF,42,4987.0,42,578.0,26.2
W4_IS,S5,OFF,33,5572.0,38,396.0,26.3
W4_IS,S6,OFF,47,7223.0,70,700.0,22.9
W4_IS,S1,ON_w5,43,6632.0,40,55.0,22.5
W4_IS,S2,ON_w5,45,5941.0,64,360.0,23.4
W4_IS,S3,ON_w5,43,6094.0,40,77.0,22.5
W4_IS,S4,ON_w5,42,4987.0,40,280.0,22.5
W4_IS,S5,ON_w5,33,5572.0,36,270.0,25.0
W4_IS,S6,ON_w5,47,7223.0,68,208.0,22.1
W4_OOS,S1,OFF,19,77.0,22,-501.0,13.6
W4_OOS,S2,OFF,12,643.0,20,-556.0,10.0
W4_OOS,S3,OFF,17,231.0,18,-347.0,16.7
W4_OOS,S4,OFF,11,323.0,14,-193.0,21.4
W4_OOS,S5,OFF,16,308.0,22,-501.0,13.6
W4_OOS,S6,OFF,20,370.0,28,-868.0,7.1
W4_OOS,S1,ON_w5,19,77.0,22,-616.0,9.1
W4_OOS,S2,ON_w5,12,643.0,20,-316.0,20.0
W4_OOS,S3,ON_w5,17,231.0,18,-462.0,11.1
W4_OOS,S4,ON_w5,11,323.0,14,-308.0,14.3
W4_OOS,S5,ON_w5,16,308.0,22,-616.0,9.1
W4_OOS,S6,ON_w5,20,370.0,28,-628.0,14.3
