mechanism,tiers,spacing,stream,n,np,wr,fold,ext_pts,tp_mult
multi-tier,1.0,0.15,S1,74,-258.0,20.3,W1_IS,,
multi-tier,1.0,0.15,S2,60,524.0,21.7,W1_IS,,
multi-tier,1.0,0.15,S3,68,39.0,22.1,W1_IS,,
multi-tier,1.0,0.15,S4,60,940.0,25.0,W1_IS,,
multi-tier,1.0,0.15,S5,64,-330.0,18.8,W1_IS,,
multi-tier,1.0,0.15,S6,76,-468.0,17.1,W1_IS,,
multi-tier,1.0,0.3,S1,74,-258.0,20.3,W1_IS,,
multi-tier,1.0,0.3,S2,60,524.0,21.7,W1_IS,,
multi-tier,1.0,0.3,S3,68,39.0,22.1,W1_IS,,
multi-tier,1.0,0.3,S4,60,940.0,25.0,W1_IS,,
multi-tier,1.0,0.3,S5,64,-330.0,18.8,W1_IS,,
multi-tier,1.0,0.3,S6,76,-468.0,17.1,W1_IS,,
multi-tier,1.0,0.5,S1,74,-258.0,20.3,W1_IS,,
multi-tier,1.0,0.5,S2,60,524.0,21.7,W1_IS,,
multi-tier,1.0,0.5,S3,68,39.0,22.1,W1_IS,,
multi-tier,1.0,0.5,S4,60,940.0,25.0,W1_IS,,
multi-tier,1.0,0.5,S5,64,-330.0,18.8,W1_IS,,
multi-tier,1.0,0.5,S6,76,-468.0,17.1,W1_IS,,
multi-tier,2.0,0.15,S1,148,-609.0,19.6,W1_IS,,
multi-tier,2.0,0.15,S2,120,-36.0,19.2,W1_IS,,
multi-tier,2.0,0.15,S3,136,-289.0,21.3,W1_IS,,
multi-tier,2.0,0.15,S4,120,558.0,24.2,W1_IS,,
multi-tier,2.0,0.15,S5,128,-693.0,17.2,W1_IS,,
multi-tier,2.0,0.15,S6,152,-1094.0,15.1,W1_IS,,
multi-tier,2.0,0.3,S1,152,-219.0,22.4,W1_IS,,
multi-tier,2.0,0.3,S2,120,45.0,20.0,W1_IS,,
multi-tier,2.0,0.3,S3,140,98.0,24.3,W1_IS,,
multi-tier,2.0,0.3,S4,120,637.0,25.0,W1_IS,,
multi-tier,2.0,0.3,S5,132,-385.0,19.7,W1_IS,,
multi-tier,2.0,0.3,S6,156,-650.0,17.9,W1_IS,,
multi-tier,2.0,0.5,S1,156,89.0,24.4,W1_IS,,
multi-tier,2.0,0.5,S2,128,801.0,25.0,W1_IS,,
multi-tier,2.0,0.5,S3,144,406.0,26.4,W1_IS,,
multi-tier,2.0,0.5,S4,124,983.0,27.4,W1_IS,,
multi-tier,2.0,0.5,S5,136,-77.0,22.1,W1_IS,,
multi-tier,2.0,0.5,S6,164,106.0,22.0,W1_IS,,
multi-tier,3.0,0.15,S1,226,-466.0,21.2,W1_IS,,
multi-tier,3.0,0.15,S2,180,-169.0,18.9,W1_IS,,
multi-tier,3.0,0.15,S3,208,-140.0,23.1,W1_IS,,
multi-tier,3.0,0.15,S4,180,483.0,24.4,W1_IS,,
multi-tier,3.0,0.15,S5,196,-609.0,18.4,W1_IS,,
multi-tier,3.0,0.15,S6,232,-1007.0,16.4,W1_IS,,
multi-tier,3.0,0.3,S1,234,-55.0,23.9,W1_IS,,
multi-tier,3.0,0.3,S2,188,389.0,22.9,W1_IS,,
multi-tier,3.0,0.3,S3,216,270.0,25.9,W1_IS,,
multi-tier,3.0,0.3,S4,184,714.0,26.1,W1_IS,,
multi-tier,3.0,0.3,S5,204,-198.0,21.6,W1_IS,,
multi-tier,3.0,0.3,S6,244,-207.0,20.9,W1_IS,,
multi-tier,3.0,0.5,S1,242,-31.0,24.4,W1_IS,,
multi-tier,3.0,0.5,S2,196,361.0,23.5,W1_IS,,
multi-tier,3.0,0.5,S3,224,289.0,26.3,W1_IS,,
multi-tier,3.0,0.5,S4,192,632.0,26.6,W1_IS,,
multi-tier,3.0,0.5,S5,212,-92.0,22.6,W1_IS,,
multi-tier,3.0,0.5,S6,252,-137.0,21.4,W1_IS,,
stop-ext,,,S1,43,-220.0,0.0,W1_IS,0.0,1.5
stop-ext,,,S2,34,0.0,0.0,W1_IS,0.0,1.5
stop-ext,,,S3,40,-209.0,0.0,W1_IS,0.0,1.5
stop-ext,,,S4,34,-209.0,0.0,W1_IS,0.0,1.5
stop-ext,,,S5,38,-187.0,0.0,W1_IS,0.0,1.5
stop-ext,,,S6,44,0.0,0.0,W1_IS,0.0,1.5
stop-ext,,,S1,43,-220.0,0.0,W1_IS,0.0,2.0
stop-ext,,,S2,34,0.0,0.0,W1_IS,0.0,2.0
stop-ext,,,S3,40,-209.0,0.0,W1_IS,0.0,2.0
stop-ext,,,S4,34,-209.0,0.0,W1_IS,0.0,2.0
stop-ext,,,S5,38,-187.0,0.0,W1_IS,0.0,2.0
stop-ext,,,S6,44,0.0,0.0,W1_IS,0.0,2.0
stop-ext,,,S1,43,-220.0,0.0,W1_IS,0.0,3.0
stop-ext,,,S2,34,0.0,0.0,W1_IS,0.0,3.0
stop-ext,,,S3,40,-209.0,0.0,W1_IS,0.0,3.0
stop-ext,,,S4,34,-209.0,0.0,W1_IS,0.0,3.0
stop-ext,,,S5,38,-187.0,0.0,W1_IS,0.0,3.0
stop-ext,,,S6,44,0.0,0.0,W1_IS,0.0,3.0
stop-ext,,,S1,41,-76.0,85.4,W1_IS,50.0,1.5
stop-ext,,,S2,34,168.0,88.2,W1_IS,50.0,1.5
stop-ext,,,S3,38,-118.0,84.2,W1_IS,50.0,1.5
stop-ext,,,S4,34,-163.0,82.4,W1_IS,50.0,1.5
stop-ext,,,S5,36,-149.0,83.3,W1_IS,50.0,1.5
stop-ext,,,S6,44,163.0,86.4,W1_IS,50.0,1.5
stop-ext,,,S1,41,74.0,85.4,W1_IS,50.0,2.0
stop-ext,,,S2,34,350.0,88.2,W1_IS,50.0,2.0
stop-ext,,,S3,38,15.0,84.2,W1_IS,50.0,2.0
stop-ext,,,S4,34,-45.0,82.4,W1_IS,50.0,2.0
stop-ext,,,S5,36,-30.0,83.3,W1_IS,50.0,2.0
stop-ext,,,S6,44,398.0,86.4,W1_IS,50.0,2.0
stop-ext,,,S1,41,11.0,78.0,W1_IS,50.0,3.0
stop-ext,,,S2,34,416.0,82.4,W1_IS,50.0,3.0
stop-ext,,,S3,38,-69.0,76.3,W1_IS,50.0,3.0
stop-ext,,,S4,34,51.0,79.4,W1_IS,50.0,3.0
stop-ext,,,S5,36,-128.0,75.0,W1_IS,50.0,3.0
stop-ext,,,S6,44,330.0,77.3,W1_IS,50.0,3.0
stop-ext,,,S1,39,-29.0,76.9,W1_IS,100.0,1.5
stop-ext,,,S2,34,405.0,82.4,W1_IS,100.0,1.5
stop-ext,,,S3,36,-11.0,77.8,W1_IS,100.0,1.5
stop-ext,,,S4,32,109.0,81.2,W1_IS,100.0,1.5
stop-ext,,,S5,34,59.0,79.4,W1_IS,100.0,1.5
stop-ext,,,S6,44,550.0,81.8,W1_IS,100.0,1.5
stop-ext,,,S1,39,-86.0,71.8,W1_IS,100.0,2.0
stop-ext,,,S2,34,236.0,70.6,W1_IS,100.0,2.0
stop-ext,,,S3,36,-80.0,72.2,W1_IS,100.0,2.0
stop-ext,,,S4,32,25.0,75.0,W1_IS,100.0,2.0
stop-ext,,,S5,34,-12.0,73.5,W1_IS,100.0,2.0
stop-ext,,,S6,44,488.0,72.7,W1_IS,100.0,2.0
stop-ext,,,S1,39,-224.0,61.5,W1_IS,100.0,3.0
stop-ext,,,S2,34,437.0,64.7,W1_IS,100.0,3.0
stop-ext,,,S3,36,87.0,66.7,W1_IS,100.0,3.0
stop-ext,,,S4,32,162.0,68.8,W1_IS,100.0,3.0
stop-ext,,,S5,34,-183.0,61.8,W1_IS,100.0,3.0
stop-ext,,,S6,44,294.0,59.1,W1_IS,100.0,3.0
stop-ext,,,S1,36,-87.0,66.7,W1_IS,200.0,1.5
stop-ext,,,S2,34,59.0,58.8,W1_IS,200.0,1.5
stop-ext,,,S3,33,224.0,72.7,W1_IS,200.0,1.5
stop-ext,,,S4,29,-101.0,65.5,W1_IS,200.0,1.5
stop-ext,,,S5,31,-6.0,67.7,W1_IS,200.0,1.5
stop-ext,,,S6,42,56.0,57.1,W1_IS,200.0,1.5
stop-ext,,,S1,36,-4.0,61.1,W1_IS,200.0,2.0
stop-ext,,,S2,34,-120.0,50.0,W1_IS,200.0,2.0
stop-ext,,,S3,33,316.0,66.7,W1_IS,200.0,2.0
stop-ext,,,S4,29,-86.0,58.6,W1_IS,200.0,2.0
stop-ext,,,S5,31,24.0,61.3,W1_IS,200.0,2.0
stop-ext,,,S6,42,-576.0,45.2,W1_IS,200.0,2.0
stop-ext,,,S1,36,384.0,55.6,W1_IS,200.0,3.0
stop-ext,,,S2,34,-520.0,35.3,W1_IS,200.0,3.0
stop-ext,,,S3,33,688.0,60.6,W1_IS,200.0,3.0
stop-ext,,,S4,29,132.0,51.7,W1_IS,200.0,3.0
stop-ext,,,S5,31,272.0,54.8,W1_IS,200.0,3.0
stop-ext,,,S6,42,-644.0,35.7,W1_IS,200.0,3.0
multi-tier,1.0,0.15,S1,30,1848.0,46.7,W1_OOS,,
multi-tier,1.0,0.15,S2,32,1282.0,37.5,W1_OOS,,
multi-tier,1.0,0.15,S3,30,1848.0,46.7,W1_OOS,,
multi-tier,1.0,0.15,S4,22,707.0,31.8,W1_OOS,,
multi-tier,1.0,0.15,S5,26,1936.0,53.8,W1_OOS,,
multi-tier,1.0,0.15,S6,42,1880.0,38.1,W1_OOS,,
multi-tier,1.0,0.3,S1,30,1848.0,46.7,W1_OOS,,
multi-tier,1.0,0.3,S2,32,1282.0,37.5,W1_OOS,,
multi-tier,1.0,0.3,S3,30,1848.0,46.7,W1_OOS,,
multi-tier,1.0,0.3,S4,22,707.0,31.8,W1_OOS,,
multi-tier,1.0,0.3,S5,26,1936.0,53.8,W1_OOS,,
multi-tier,1.0,0.3,S6,42,1880.0,38.1,W1_OOS,,
multi-tier,1.0,0.5,S1,30,1848.0,46.7,W1_OOS,,
multi-tier,1.0,0.5,S2,32,1282.0,37.5,W1_OOS,,
multi-tier,1.0,0.5,S3,30,1848.0,46.7,W1_OOS,,
multi-tier,1.0,0.5,S4,22,707.0,31.8,W1_OOS,,
multi-tier,1.0,0.5,S5,26,1936.0,53.8,W1_OOS,,
multi-tier,1.0,0.5,S6,42,1880.0,38.1,W1_OOS,,
multi-tier,2.0,0.15,S1,60,1408.0,40.0,W1_OOS,,
multi-tier,2.0,0.15,S2,64,804.0,31.2,W1_OOS,,
multi-tier,2.0,0.15,S3,60,1408.0,40.0,W1_OOS,,
multi-tier,2.0,0.15,S4,44,641.0,29.5,W1_OOS,,
multi-tier,2.0,0.15,S5,52,1496.0,46.2,W1_OOS,,
multi-tier,2.0,0.15,S6,84,1380.0,33.3,W1_OOS,,
multi-tier,2.0,0.3,S1,60,1202.0,36.7,W1_OOS,,
multi-tier,2.0,0.3,S2,68,174.0,25.0,W1_OOS,,
multi-tier,2.0,0.3,S3,60,1202.0,36.7,W1_OOS,,
multi-tier,2.0,0.3,S4,44,414.0,25.0,W1_OOS,,
multi-tier,2.0,0.3,S5,52,1304.0,42.3,W1_OOS,,
multi-tier,2.0,0.3,S6,88,742.0,28.4,W1_OOS,,
multi-tier,2.0,0.5,S1,64,840.0,32.8,W1_OOS,,
multi-tier,2.0,0.5,S2,68,174.0,25.0,W1_OOS,,
multi-tier,2.0,0.5,S3,64,840.0,32.8,W1_OOS,,
multi-tier,2.0,0.5,S4,48,-25.0,20.8,W1_OOS,,
multi-tier,2.0,0.5,S5,56,965.0,37.5,W1_OOS,,
multi-tier,2.0,0.5,S6,88,374.0,26.1,W1_OOS,,
multi-tier,3.0,0.15,S1,90,1124.0,35.6,W1_OOS,,
multi-tier,3.0,0.15,S2,100,225.0,25.0,W1_OOS,,
multi-tier,3.0,0.15,S3,90,1124.0,35.6,W1_OOS,,
multi-tier,3.0,0.15,S4,66,467.0,25.8,W1_OOS,,
multi-tier,3.0,0.15,S5,78,1221.0,41.0,W1_OOS,,
multi-tier,3.0,0.15,S6,130,788.0,28.5,W1_OOS,,
multi-tier,3.0,0.3,S1,94,475.0,27.7,W1_OOS,,
multi-tier,3.0,0.3,S2,104,-199.0,21.2,W1_OOS,,
multi-tier,3.0,0.3,S3,94,475.0,27.7,W1_OOS,,
multi-tier,3.0,0.3,S4,70,65.0,21.4,W1_OOS,,
multi-tier,3.0,0.3,S5,82,612.0,31.7,W1_OOS,,
multi-tier,3.0,0.3,S6,134,113.0,23.9,W1_OOS,,
multi-tier,3.0,0.5,S1,102,398.0,27.5,W1_OOS,,
multi-tier,3.0,0.5,S2,108,87.0,25.0,W1_OOS,,
multi-tier,3.0,0.5,S3,102,398.0,27.5,W1_OOS,,
multi-tier,3.0,0.5,S4,78,-38.0,21.8,W1_OOS,,
multi-tier,3.0,0.5,S5,90,554.0,31.1,W1_OOS,,
multi-tier,3.0,0.5,S6,138,60.0,23.9,W1_OOS,,
stop-ext,,,S1,19,0.0,0.0,W1_OOS,0.0,1.5
stop-ext,,,S2,20,0.0,0.0,W1_OOS,0.0,1.5
stop-ext,,,S3,19,0.0,0.0,W1_OOS,0.0,1.5
stop-ext,,,S4,15,0.0,0.0,W1_OOS,0.0,1.5
stop-ext,,,S5,17,0.0,0.0,W1_OOS,0.0,1.5
stop-ext,,,S6,25,0.0,0.0,W1_OOS,0.0,1.5
stop-ext,,,S1,19,0.0,0.0,W1_OOS,0.0,2.0
stop-ext,,,S2,20,0.0,0.0,W1_OOS,0.0,2.0
stop-ext,,,S3,19,0.0,0.0,W1_OOS,0.0,2.0
stop-ext,,,S4,15,0.0,0.0,W1_OOS,0.0,2.0
stop-ext,,,S5,17,0.0,0.0,W1_OOS,0.0,2.0
stop-ext,,,S6,25,0.0,0.0,W1_OOS,0.0,2.0
stop-ext,,,S1,19,0.0,0.0,W1_OOS,0.0,3.0
stop-ext,,,S2,20,0.0,0.0,W1_OOS,0.0,3.0
stop-ext,,,S3,19,0.0,0.0,W1_OOS,0.0,3.0
stop-ext,,,S4,15,0.0,0.0,W1_OOS,0.0,3.0
stop-ext,,,S5,17,0.0,0.0,W1_OOS,0.0,3.0
stop-ext,,,S6,25,0.0,0.0,W1_OOS,0.0,3.0
stop-ext,,,S1,19,124.0,94.7,W1_OOS,50.0,1.5
stop-ext,,,S2,20,-95.0,80.0,W1_OOS,50.0,1.5
stop-ext,,,S3,19,124.0,94.7,W1_OOS,50.0,1.5
stop-ext,,,S4,15,77.0,93.3,W1_OOS,50.0,1.5
stop-ext,,,S5,17,94.0,94.1,W1_OOS,50.0,1.5
stop-ext,,,S6,25,-12.0,84.0,W1_OOS,50.0,1.5
stop-ext,,,S1,19,195.0,94.7,W1_OOS,50.0,2.0
stop-ext,,,S2,20,-8.0,80.0,W1_OOS,50.0,2.0
stop-ext,,,S3,19,195.0,94.7,W1_OOS,50.0,2.0
stop-ext,,,S4,15,132.0,93.3,W1_OOS,50.0,2.0
stop-ext,,,S5,17,154.0,94.1,W1_OOS,50.0,2.0
stop-ext,,,S6,25,105.0,84.0,W1_OOS,50.0,2.0
stop-ext,,,S1,19,-6.0,78.9,W1_OOS,50.0,3.0
stop-ext,,,S2,20,166.0,80.0,W1_OOS,50.0,3.0
stop-ext,,,S3,19,-6.0,78.9,W1_OOS,50.0,3.0
stop-ext,,,S4,15,-10.0,80.0,W1_OOS,50.0,3.0
stop-ext,,,S5,17,51.0,82.4,W1_OOS,50.0,3.0
stop-ext,,,S6,25,340.0,84.0,W1_OOS,50.0,3.0
stop-ext,,,S1,19,-6.0,78.9,W1_OOS,100.0,1.5
stop-ext,,,S2,18,344.0,88.9,W1_OOS,100.0,1.5
stop-ext,,,S3,19,-6.0,78.9,W1_OOS,100.0,1.5
stop-ext,,,S4,15,-10.0,80.0,W1_OOS,100.0,1.5
stop-ext,,,S5,17,51.0,82.4,W1_OOS,100.0,1.5
stop-ext,,,S6,23,529.0,91.3,W1_OOS,100.0,1.5
stop-ext,,,S1,19,110.0,78.9,W1_OOS,100.0,2.0
stop-ext,,,S2,18,386.0,83.3,W1_OOS,100.0,2.0
stop-ext,,,S3,19,110.0,78.9,W1_OOS,100.0,2.0
stop-ext,,,S4,15,82.0,80.0,W1_OOS,100.0,2.0
stop-ext,,,S5,17,156.0,82.4,W1_OOS,100.0,2.0
stop-ext,,,S6,23,626.0,87.0,W1_OOS,100.0,2.0
stop-ext,,,S1,19,209.0,73.7,W1_OOS,100.0,3.0
stop-ext,,,S2,18,389.0,72.2,W1_OOS,100.0,3.0
stop-ext,,,S3,19,209.0,73.7,W1_OOS,100.0,3.0
stop-ext,,,S4,15,130.0,73.3,W1_OOS,100.0,3.0
stop-ext,,,S5,17,366.0,82.4,W1_OOS,100.0,3.0
stop-ext,,,S6,23,604.0,73.9,W1_OOS,100.0,3.0
stop-ext,,,S1,19,64.0,68.4,W1_OOS,200.0,1.5
stop-ext,,,S2,18,-80.0,55.6,W1_OOS,200.0,1.5
stop-ext,,,S3,19,64.0,68.4,W1_OOS,200.0,1.5
stop-ext,,,S4,15,-142.0,60.0,W1_OOS,200.0,1.5
stop-ext,,,S5,17,94.0,70.6,W1_OOS,200.0,1.5
stop-ext,,,S6,23,114.0,60.9,W1_OOS,200.0,1.5
stop-ext,,,S1,19,-58.0,57.9,W1_OOS,200.0,2.0
stop-ext,,,S2,18,132.0,55.6,W1_OOS,200.0,2.0
stop-ext,,,S3,19,-58.0,57.9,W1_OOS,200.0,2.0
stop-ext,,,S4,15,-6.0,60.0,W1_OOS,200.0,2.0
stop-ext,,,S5,17,-32.0,58.8,W1_OOS,200.0,2.0
stop-ext,,,S6,23,424.0,60.9,W1_OOS,200.0,2.0
stop-ext,,,S1,19,-437.0,36.8,W1_OOS,200.0,3.0
stop-ext,,,S2,18,556.0,55.6,W1_OOS,200.0,3.0
stop-ext,,,S3,19,-437.0,36.8,W1_OOS,200.0,3.0
stop-ext,,,S4,15,-263.0,40.0,W1_OOS,200.0,3.0
stop-ext,,,S5,17,-430.0,35.3,W1_OOS,200.0,3.0
stop-ext,,,S6,23,124.0,43.5,W1_OOS,200.0,3.0
multi-tier,1.0,0.15,S1,68,2030.0,30.9,W2_IS,,
multi-tier,1.0,0.15,S2,64,2260.0,32.8,W2_IS,,
multi-tier,1.0,0.15,S3,64,2206.0,32.8,W2_IS,,
multi-tier,1.0,0.15,S4,56,1273.0,28.6,W2_IS,,
multi-tier,1.0,0.15,S5,58,2255.0,34.5,W2_IS,,
multi-tier,1.0,0.15,S6,78,2640.0,29.5,W2_IS,,
multi-tier,1.0,0.3,S1,68,2030.0,30.9,W2_IS,,
multi-tier,1.0,0.3,S2,64,2260.0,32.8,W2_IS,,
multi-tier,1.0,0.3,S3,64,2206.0,32.8,W2_IS,,
multi-tier,1.0,0.3,S4,56,1273.0,28.6,W2_IS,,
multi-tier,1.0,0.3,S5,58,2255.0,34.5,W2_IS,,
multi-tier,1.0,0.3,S6,78,2640.0,29.5,W2_IS,,
multi-tier,1.0,0.5,S1,68,2030.0,30.9,W2_IS,,
multi-tier,1.0,0.5,S2,64,2260.0,32.8,W2_IS,,
multi-tier,1.0,0.5,S3,64,2206.0,32.8,W2_IS,,
multi-tier,1.0,0.5,S4,56,1273.0,28.6,W2_IS,,
multi-tier,1.0,0.5,S5,58,2255.0,34.5,W2_IS,,
multi-tier,1.0,0.5,S6,78,2640.0,29.5,W2_IS,,
multi-tier,2.0,0.15,S1,136,1240.0,27.2,W2_IS,,
multi-tier,2.0,0.15,S2,128,1232.0,27.3,W2_IS,,
multi-tier,2.0,0.15,S3,128,1416.0,28.9,W2_IS,,
multi-tier,2.0,0.15,S4,112,949.0,26.8,W2_IS,,
multi-tier,2.0,0.15,S5,116,1436.0,29.3,W2_IS,,
multi-tier,2.0,0.15,S6,156,1502.0,25.0,W2_IS,,
multi-tier,2.0,0.3,S1,136,1050.0,26.5,W2_IS,,
multi-tier,2.0,0.3,S2,132,500.0,25.0,W2_IS,,
multi-tier,2.0,0.3,S3,128,1226.0,28.1,W2_IS,,
multi-tier,2.0,0.3,S4,112,749.0,25.9,W2_IS,,
multi-tier,2.0,0.3,S5,116,1202.0,27.6,W2_IS,,
multi-tier,2.0,0.3,S6,160,678.0,23.1,W2_IS,,
multi-tier,2.0,0.5,S1,140,627.0,25.0,W2_IS,,
multi-tier,2.0,0.5,S2,132,500.0,25.0,W2_IS,,
multi-tier,2.0,0.5,S3,132,803.0,26.5,W2_IS,,
multi-tier,2.0,0.5,S4,116,264.0,24.1,W2_IS,,
multi-tier,2.0,0.5,S5,120,771.0,25.8,W2_IS,,
multi-tier,2.0,0.5,S6,160,166.0,21.9,W2_IS,,
multi-tier,3.0,0.15,S1,204,851.0,25.5,W2_IS,,
multi-tier,3.0,0.15,S2,196,401.0,24.0,W2_IS,,
multi-tier,3.0,0.15,S3,192,1027.0,27.1,W2_IS,,
multi-tier,3.0,0.15,S4,168,708.0,25.6,W2_IS,,
multi-tier,3.0,0.15,S5,174,1006.0,26.4,W2_IS,,
multi-tier,3.0,0.15,S6,238,573.0,22.3,W2_IS,,
multi-tier,3.0,0.3,S1,208,86.0,22.1,W2_IS,,
multi-tier,3.0,0.3,S2,200,-95.0,22.5,W2_IS,,
multi-tier,3.0,0.3,S3,196,262.0,23.5,W2_IS,,
multi-tier,3.0,0.3,S4,172,259.0,23.8,W2_IS,,
multi-tier,3.0,0.3,S5,178,262.0,22.5,W2_IS,,
multi-tier,3.0,0.3,S6,242,-325.0,20.2,W2_IS,,
multi-tier,3.0,0.5,S1,216,-37.0,22.2,W2_IS,,
multi-tier,3.0,0.5,S2,204,27.0,23.0,W2_IS,,
multi-tier,3.0,0.5,S3,204,154.0,23.5,W2_IS,,
multi-tier,3.0,0.5,S4,180,-52.0,22.8,W2_IS,,
multi-tier,3.0,0.5,S5,186,123.0,22.6,W2_IS,,
multi-tier,3.0,0.5,S6,246,-493.0,19.9,W2_IS,,
stop-ext,,,S1,38,-154.0,0.0,W2_IS,0.0,1.5
stop-ext,,,S2,36,0.0,0.0,W2_IS,0.0,1.5
stop-ext,,,S3,36,-154.0,0.0,W2_IS,0.0,1.5
stop-ext,,,S4,32,-154.0,0.0,W2_IS,0.0,1.5
stop-ext,,,S5,33,-154.0,0.0,W2_IS,0.0,1.5
stop-ext,,,S6,43,0.0,0.0,W2_IS,0.0,1.5
stop-ext,,,S1,38,-154.0,0.0,W2_IS,0.0,2.0
stop-ext,,,S2,36,0.0,0.0,W2_IS,0.0,2.0
stop-ext,,,S3,36,-154.0,0.0,W2_IS,0.0,2.0
stop-ext,,,S4,32,-154.0,0.0,W2_IS,0.0,2.0
stop-ext,,,S5,33,-154.0,0.0,W2_IS,0.0,2.0
stop-ext,,,S6,43,0.0,0.0,W2_IS,0.0,2.0
stop-ext,,,S1,38,-154.0,0.0,W2_IS,0.0,3.0
stop-ext,,,S2,36,0.0,0.0,W2_IS,0.0,3.0
stop-ext,,,S3,36,-154.0,0.0,W2_IS,0.0,3.0
stop-ext,,,S4,32,-154.0,0.0,W2_IS,0.0,3.0
stop-ext,,,S5,33,-154.0,0.0,W2_IS,0.0,3.0
stop-ext,,,S6,43,0.0,0.0,W2_IS,0.0,3.0
stop-ext,,,S1,38,184.0,92.1,W2_IS,50.0,1.5
stop-ext,,,S2,36,-57.0,83.3,W2_IS,50.0,1.5
stop-ext,,,S3,36,162.0,91.7,W2_IS,50.0,1.5
stop-ext,,,S4,32,92.0,90.6,W2_IS,50.0,1.5
stop-ext,,,S5,33,120.0,90.9,W2_IS,50.0,1.5
stop-ext,,,S6,43,72.0,86.0,W2_IS,50.0,1.5
stop-ext,,,S1,38,332.0,92.1,W2_IS,50.0,2.0
stop-ext,,,S2,36,123.0,83.3,W2_IS,50.0,2.0
stop-ext,,,S3,36,302.0,91.7,W2_IS,50.0,2.0
stop-ext,,,S4,32,207.0,90.6,W2_IS,50.0,2.0
stop-ext,,,S5,33,244.0,90.9,W2_IS,50.0,2.0
stop-ext,,,S6,43,320.0,86.0,W2_IS,50.0,2.0
stop-ext,,,S1,38,108.0,81.6,W2_IS,50.0,3.0
stop-ext,,,S2,36,262.0,77.8,W2_IS,50.0,3.0
stop-ext,,,S3,36,64.0,80.6,W2_IS,50.0,3.0
stop-ext,,,S4,32,59.0,81.2,W2_IS,50.0,3.0
stop-ext,,,S5,33,100.0,81.8,W2_IS,50.0,3.0
stop-ext,,,S6,43,596.0,81.4,W2_IS,50.0,3.0
stop-ext,,,S1,36,151.0,83.3,W2_IS,100.0,1.5
stop-ext,,,S2,34,481.0,82.4,W2_IS,100.0,1.5
stop-ext,,,S3,34,106.0,82.4,W2_IS,100.0,1.5
stop-ext,,,S4,30,115.0,83.3,W2_IS,100.0,1.5
stop-ext,,,S5,31,255.0,87.1,W2_IS,100.0,1.5
stop-ext,,,S6,41,874.0,85.4,W2_IS,100.0,1.5
stop-ext,,,S1,36,161.0,77.8,W2_IS,100.0,2.0
stop-ext,,,S2,34,652.0,79.4,W2_IS,100.0,2.0
stop-ext,,,S3,34,101.0,76.5,W2_IS,100.0,2.0
stop-ext,,,S4,30,86.0,76.7,W2_IS,100.0,2.0
stop-ext,,,S5,31,235.0,80.6,W2_IS,100.0,2.0
stop-ext,,,S6,41,1160.0,82.9,W2_IS,100.0,2.0
stop-ext,,,S1,36,195.0,69.4,W2_IS,100.0,3.0
stop-ext,,,S2,34,616.0,67.6,W2_IS,100.0,3.0
stop-ext,,,S3,34,377.0,73.5,W2_IS,100.0,3.0
stop-ext,,,S4,30,295.0,73.3,W2_IS,100.0,3.0
stop-ext,,,S5,31,372.0,74.2,W2_IS,100.0,3.0
stop-ext,,,S6,41,1132.0,70.7,W2_IS,100.0,3.0
stop-ext,,,S1,35,-354.0,57.1,W2_IS,200.0,1.5
stop-ext,,,S2,34,0.0,58.8,W2_IS,200.0,1.5
stop-ext,,,S3,33,-173.0,60.6,W2_IS,200.0,1.5
stop-ext,,,S4,29,-529.0,51.7,W2_IS,200.0,1.5
stop-ext,,,S5,30,-330.0,56.7,W2_IS,200.0,1.5
stop-ext,,,S6,41,390.0,63.4,W2_IS,200.0,1.5
stop-ext,,,S1,35,-392.0,51.4,W2_IS,200.0,2.0
stop-ext,,,S2,34,-16.0,50.0,W2_IS,200.0,2.0
stop-ext,,,S3,33,-209.0,54.5,W2_IS,200.0,2.0
stop-ext,,,S4,29,-291.0,51.7,W2_IS,200.0,2.0
stop-ext,,,S5,30,-408.0,50.0,W2_IS,200.0,2.0
stop-ext,,,S6,41,192.0,51.2,W2_IS,200.0,2.0
stop-ext,,,S1,35,-640.0,40.0,W2_IS,200.0,3.0
stop-ext,,,S2,34,212.0,41.2,W2_IS,200.0,3.0
stop-ext,,,S3,33,-452.0,42.4,W2_IS,200.0,3.0
stop-ext,,,S4,29,-413.0,41.4,W2_IS,200.0,3.0
stop-ext,,,S5,30,-720.0,36.7,W2_IS,200.0,3.0
stop-ext,,,S6,41,-344.0,36.6,W2_IS,200.0,3.0
multi-tier,1.0,0.15,S1,12,809.0,58.3,W2_OOS,,
multi-tier,1.0,0.15,S2,24,306.0,25.0,W2_OOS,,
multi-tier,1.0,0.15,S3,12,809.0,58.3,W2_OOS,,
multi-tier,1.0,0.15,S4,12,924.0,58.3,W2_OOS,,
multi-tier,1.0,0.15,S5,10,759.0,60.0,W2_OOS,,
multi-tier,1.0,0.15,S6,26,226.0,23.1,W2_OOS,,
multi-tier,1.0,0.3,S1,12,809.0,58.3,W2_OOS,,
multi-tier,1.0,0.3,S2,24,306.0,25.0,W2_OOS,,
multi-tier,1.0,0.3,S3,12,809.0,58.3,W2_OOS,,
multi-tier,1.0,0.3,S4,12,924.0,58.3,W2_OOS,,
multi-tier,1.0,0.3,S5,10,759.0,60.0,W2_OOS,,
multi-tier,1.0,0.3,S6,26,226.0,23.1,W2_OOS,,
multi-tier,1.0,0.5,S1,12,809.0,58.3,W2_OOS,,
multi-tier,1.0,0.5,S2,24,306.0,25.0,W2_OOS,,
multi-tier,1.0,0.5,S3,12,809.0,58.3,W2_OOS,,
multi-tier,1.0,0.5,S4,12,924.0,58.3,W2_OOS,,
multi-tier,1.0,0.5,S5,10,759.0,60.0,W2_OOS,,
multi-tier,1.0,0.5,S6,26,226.0,23.1,W2_OOS,,
multi-tier,2.0,0.15,S1,24,751.0,54.2,W2_OOS,,
multi-tier,2.0,0.15,S2,48,154.0,22.9,W2_OOS,,
multi-tier,2.0,0.15,S3,24,751.0,54.2,W2_OOS,,
multi-tier,2.0,0.15,S4,24,866.0,54.2,W2_OOS,,
multi-tier,2.0,0.15,S5,20,759.0,60.0,W2_OOS,,
multi-tier,2.0,0.15,S6,52,74.0,21.2,W2_OOS,,
multi-tier,2.0,0.3,S1,24,616.0,50.0,W2_OOS,,
multi-tier,2.0,0.3,S2,48,154.0,22.9,W2_OOS,,
multi-tier,2.0,0.3,S3,24,616.0,50.0,W2_OOS,,
multi-tier,2.0,0.3,S4,24,712.0,50.0,W2_OOS,,
multi-tier,2.0,0.3,S5,20,624.0,55.0,W2_OOS,,
multi-tier,2.0,0.3,S6,52,74.0,21.2,W2_OOS,,
multi-tier,2.0,0.5,S1,24,616.0,50.0,W2_OOS,,
multi-tier,2.0,0.5,S2,48,154.0,22.9,W2_OOS,,
multi-tier,2.0,0.5,S3,24,616.0,50.0,W2_OOS,,
multi-tier,2.0,0.5,S4,24,712.0,50.0,W2_OOS,,
multi-tier,2.0,0.5,S5,20,624.0,55.0,W2_OOS,,
multi-tier,2.0,0.5,S6,52,74.0,21.2,W2_OOS,,
multi-tier,3.0,0.15,S1,36,642.0,50.0,W2_OOS,,
multi-tier,3.0,0.15,S2,72,103.0,22.2,W2_OOS,,
multi-tier,3.0,0.15,S3,36,642.0,50.0,W2_OOS,,
multi-tier,3.0,0.15,S4,36,744.0,50.0,W2_OOS,,
multi-tier,3.0,0.15,S5,30,669.0,56.7,W2_OOS,,
multi-tier,3.0,0.15,S6,78,23.0,20.5,W2_OOS,,
multi-tier,3.0,0.3,S1,36,552.0,47.2,W2_OOS,,
multi-tier,3.0,0.3,S2,72,103.0,22.2,W2_OOS,,
multi-tier,3.0,0.3,S3,36,552.0,47.2,W2_OOS,,
multi-tier,3.0,0.3,S4,36,642.0,47.2,W2_OOS,,
multi-tier,3.0,0.3,S5,30,579.0,53.3,W2_OOS,,
multi-tier,3.0,0.3,S6,78,23.0,20.5,W2_OOS,,
multi-tier,3.0,0.5,S1,40,500.0,42.5,W2_OOS,,
multi-tier,3.0,0.5,S2,76,65.0,21.1,W2_OOS,,
multi-tier,3.0,0.5,S3,40,500.0,42.5,W2_OOS,,
multi-tier,3.0,0.5,S4,40,590.0,42.5,W2_OOS,,
multi-tier,3.0,0.5,S5,34,528.0,47.1,W2_OOS,,
multi-tier,3.0,0.5,S6,82,-15.0,19.5,W2_OOS,,
stop-ext,,,S1,8,0.0,0.0,W2_OOS,0.0,1.5
stop-ext,,,S2,14,0.0,0.0,W2_OOS,0.0,1.5
stop-ext,,,S3,8,0.0,0.0,W2_OOS,0.0,1.5
stop-ext,,,S4,8,0.0,0.0,W2_OOS,0.0,1.5
stop-ext,,,S5,7,0.0,0.0,W2_OOS,0.0,1.5
stop-ext,,,S6,15,0.0,0.0,W2_OOS,0.0,1.5
stop-ext,,,S1,8,0.0,0.0,W2_OOS,0.0,2.0
stop-ext,,,S2,14,0.0,0.0,W2_OOS,0.0,2.0
stop-ext,,,S3,8,0.0,0.0,W2_OOS,0.0,2.0
stop-ext,,,S4,8,0.0,0.0,W2_OOS,0.0,2.0
stop-ext,,,S5,7,0.0,0.0,W2_OOS,0.0,2.0
stop-ext,,,S6,15,0.0,0.0,W2_OOS,0.0,2.0
stop-ext,,,S1,8,0.0,0.0,W2_OOS,0.0,3.0
stop-ext,,,S2,14,0.0,0.0,W2_OOS,0.0,3.0
stop-ext,,,S3,8,0.0,0.0,W2_OOS,0.0,3.0
stop-ext,,,S4,8,0.0,0.0,W2_OOS,0.0,3.0
stop-ext,,,S5,7,0.0,0.0,W2_OOS,0.0,3.0
stop-ext,,,S6,15,0.0,0.0,W2_OOS,0.0,3.0
stop-ext,,,S1,8,-4.0,87.5,W2_OOS,50.0,1.5
stop-ext,,,S2,13,-197.0,69.2,W2_OOS,50.0,1.5
stop-ext,,,S3,8,-4.0,87.5,W2_OOS,50.0,1.5
stop-ext,,,S4,8,-4.0,87.5,W2_OOS,50.0,1.5
stop-ext,,,S5,7,75.0,100.0,W2_OOS,50.0,1.5
stop-ext,,,S6,14,-182.0,71.4,W2_OOS,50.0,1.5
stop-ext,,,S1,8,21.0,87.5,W2_OOS,50.0,2.0
stop-ext,,,S2,13,-248.0,61.5,W2_OOS,50.0,2.0
stop-ext,,,S3,8,21.0,87.5,W2_OOS,50.0,2.0
stop-ext,,,S4,8,21.0,87.5,W2_OOS,50.0,2.0
stop-ext,,,S5,7,100.0,100.0,W2_OOS,50.0,2.0
stop-ext,,,S6,14,-228.0,64.3,W2_OOS,50.0,2.0
stop-ext,,,S1,8,70.0,87.5,W2_OOS,50.0,3.0
stop-ext,,,S2,13,-170.0,61.5,W2_OOS,50.0,3.0
stop-ext,,,S3,8,70.0,87.5,W2_OOS,50.0,3.0
stop-ext,,,S4,8,70.0,87.5,W2_OOS,50.0,3.0
stop-ext,,,S5,7,150.0,100.0,W2_OOS,50.0,3.0
stop-ext,,,S6,14,-140.0,64.3,W2_OOS,50.0,3.0
stop-ext,,,S1,8,168.0,100.0,W2_OOS,100.0,1.5
stop-ext,,,S2,13,-66.0,69.2,W2_OOS,100.0,1.5
stop-ext,,,S3,8,168.0,100.0,W2_OOS,100.0,1.5
stop-ext,,,S4,8,168.0,100.0,W2_OOS,100.0,1.5
stop-ext,,,S5,7,150.0,100.0,W2_OOS,100.0,1.5
stop-ext,,,S6,14,-36.0,71.4,W2_OOS,100.0,1.5
stop-ext,,,S1,8,224.0,100.0,W2_OOS,100.0,2.0
stop-ext,,,S2,13,22.0,69.2,W2_OOS,100.0,2.0
stop-ext,,,S3,8,224.0,100.0,W2_OOS,100.0,2.0
stop-ext,,,S4,8,224.0,100.0,W2_OOS,100.0,2.0
stop-ext,,,S5,7,200.0,100.0,W2_OOS,100.0,2.0
stop-ext,,,S6,14,62.0,71.4,W2_OOS,100.0,2.0
stop-ext,,,S1,8,336.0,100.0,W2_OOS,100.0,3.0
stop-ext,,,S2,13,197.0,69.2,W2_OOS,100.0,3.0
stop-ext,,,S3,8,336.0,100.0,W2_OOS,100.0,3.0
stop-ext,,,S4,8,336.0,100.0,W2_OOS,100.0,3.0
stop-ext,,,S5,7,300.0,100.0,W2_OOS,100.0,3.0
stop-ext,,,S6,14,257.0,71.4,W2_OOS,100.0,3.0
stop-ext,,,S1,8,98.0,75.0,W2_OOS,200.0,1.5
stop-ext,,,S2,13,505.0,84.6,W2_OOS,200.0,1.5
stop-ext,,,S3,8,98.0,75.0,W2_OOS,200.0,1.5
stop-ext,,,S4,8,98.0,75.0,W2_OOS,200.0,1.5
stop-ext,,,S5,7,62.0,71.4,W2_OOS,200.0,1.5
stop-ext,,,S6,14,425.0,78.6,W2_OOS,200.0,1.5
stop-ext,,,S1,8,182.0,75.0,W2_OOS,200.0,2.0
stop-ext,,,S2,13,420.0,69.2,W2_OOS,200.0,2.0
stop-ext,,,S3,8,182.0,75.0,W2_OOS,200.0,2.0
stop-ext,,,S4,8,182.0,75.0,W2_OOS,200.0,2.0
stop-ext,,,S5,7,134.0,71.4,W2_OOS,200.0,2.0
stop-ext,,,S6,14,340.0,64.3,W2_OOS,200.0,2.0
stop-ext,,,S1,8,28.0,50.0,W2_OOS,200.0,3.0
stop-ext,,,S2,13,342.0,53.8,W2_OOS,200.0,3.0
stop-ext,,,S3,8,28.0,50.0,W2_OOS,200.0,3.0
stop-ext,,,S4,8,28.0,50.0,W2_OOS,200.0,3.0
stop-ext,,,S5,7,-67.0,42.9,W2_OOS,200.0,3.0
stop-ext,,,S6,14,262.0,50.0,W2_OOS,200.0,3.0
multi-tier,1.0,0.15,S1,42,2934.0,50.0,W3_IS,,
multi-tier,1.0,0.15,S2,56,1694.0,32.1,W3_IS,,
multi-tier,1.0,0.15,S3,42,2934.0,50.0,W3_IS,,
multi-tier,1.0,0.15,S4,34,1911.0,41.2,W3_IS,,
multi-tier,1.0,0.15,S5,36,2915.0,55.6,W3_IS,,
multi-tier,1.0,0.15,S6,68,2188.0,32.4,W3_IS,,
multi-tier,1.0,0.3,S1,42,2934.0,50.0,W3_IS,,
multi-tier,1.0,0.3,S2,56,1694.0,32.1,W3_IS,,
multi-tier,1.0,0.3,S3,42,2934.0,50.0,W3_IS,,
multi-tier,1.0,0.3,S4,34,1911.0,41.2,W3_IS,,
multi-tier,1.0,0.3,S5,36,2915.0,55.6,W3_IS,,
multi-tier,1.0,0.3,S6,68,2188.0,32.4,W3_IS,,
multi-tier,1.0,0.5,S1,42,2934.0,50.0,W3_IS,,
multi-tier,1.0,0.5,S2,56,1694.0,32.1,W3_IS,,
multi-tier,1.0,0.5,S3,42,2934.0,50.0,W3_IS,,
multi-tier,1.0,0.5,S4,34,1911.0,41.2,W3_IS,,
multi-tier,1.0,0.5,S5,36,2915.0,55.6,W3_IS,,
multi-tier,1.0,0.5,S6,68,2188.0,32.4,W3_IS,,
multi-tier,2.0,0.15,S1,84,2416.0,44.0,W3_IS,,
multi-tier,2.0,0.15,S2,112,1008.0,27.7,W3_IS,,
multi-tier,2.0,0.15,S3,84,2416.0,44.0,W3_IS,,
multi-tier,2.0,0.15,S4,68,1767.0,38.2,W3_IS,,
multi-tier,2.0,0.15,S5,72,2475.0,50.0,W3_IS,,
multi-tier,2.0,0.15,S6,136,1480.0,28.7,W3_IS,,
multi-tier,2.0,0.3,S1,84,2027.0,40.5,W3_IS,,
multi-tier,2.0,0.3,S2,116,378.0,24.1,W3_IS,,
multi-tier,2.0,0.3,S3,84,2027.0,40.5,W3_IS,,
multi-tier,2.0,0.3,S4,68,1331.0,33.8,W3_IS,,
multi-tier,2.0,0.3,S5,72,2109.0,45.8,W3_IS,,
multi-tier,2.0,0.3,S6,140,842.0,25.7,W3_IS,,
multi-tier,2.0,0.5,S1,88,1665.0,37.5,W3_IS,,
multi-tier,2.0,0.5,S2,116,378.0,24.1,W3_IS,,
multi-tier,2.0,0.5,S3,88,1665.0,37.5,W3_IS,,
multi-tier,2.0,0.5,S4,72,892.0,30.6,W3_IS,,
multi-tier,2.0,0.5,S5,76,1771.0,42.1,W3_IS,,
multi-tier,2.0,0.5,S6,140,474.0,24.3,W3_IS,,
multi-tier,3.0,0.15,S1,126,1984.0,39.7,W3_IS,,
multi-tier,3.0,0.15,S2,172,359.0,23.8,W3_IS,,
multi-tier,3.0,0.15,S3,126,1984.0,39.7,W3_IS,,
multi-tier,3.0,0.15,S4,102,1428.0,34.3,W3_IS,,
multi-tier,3.0,0.15,S5,108,2084.0,45.4,W3_IS,,
multi-tier,3.0,0.15,S6,208,819.0,25.5,W3_IS,,
multi-tier,3.0,0.3,S1,130,1213.0,33.1,W3_IS,,
multi-tier,3.0,0.3,S2,176,-65.0,21.6,W3_IS,,
multi-tier,3.0,0.3,S3,130,1213.0,33.1,W3_IS,,
multi-tier,3.0,0.3,S4,106,886.0,30.2,W3_IS,,
multi-tier,3.0,0.3,S5,112,1360.0,37.5,W3_IS,,
multi-tier,3.0,0.3,S6,212,144.0,22.6,W3_IS,,
multi-tier,3.0,0.5,S1,142,1066.0,31.7,W3_IS,,
multi-tier,3.0,0.5,S2,184,167.0,23.4,W3_IS,,
multi-tier,3.0,0.5,S3,142,1066.0,31.7,W3_IS,,
multi-tier,3.0,0.5,S4,118,718.0,28.8,W3_IS,,
multi-tier,3.0,0.5,S5,124,1236.0,35.5,W3_IS,,
multi-tier,3.0,0.5,S6,220,21.0,22.3,W3_IS,,
stop-ext,,,S1,27,0.0,0.0,W3_IS,0.0,1.5
stop-ext,,,S2,34,0.0,0.0,W3_IS,0.0,1.5
stop-ext,,,S3,27,0.0,0.0,W3_IS,0.0,1.5
stop-ext,,,S4,23,0.0,0.0,W3_IS,0.0,1.5
stop-ext,,,S5,24,0.0,0.0,W3_IS,0.0,1.5
stop-ext,,,S6,40,0.0,0.0,W3_IS,0.0,1.5
stop-ext,,,S1,27,0.0,0.0,W3_IS,0.0,2.0
stop-ext,,,S2,34,0.0,0.0,W3_IS,0.0,2.0
stop-ext,,,S3,27,0.0,0.0,W3_IS,0.0,2.0
stop-ext,,,S4,23,0.0,0.0,W3_IS,0.0,2.0
stop-ext,,,S5,24,0.0,0.0,W3_IS,0.0,2.0
stop-ext,,,S6,40,0.0,0.0,W3_IS,0.0,2.0
stop-ext,,,S1,27,0.0,0.0,W3_IS,0.0,3.0
stop-ext,,,S2,34,0.0,0.0,W3_IS,0.0,3.0
stop-ext,,,S3,27,0.0,0.0,W3_IS,0.0,3.0
stop-ext,,,S4,23,0.0,0.0,W3_IS,0.0,3.0
stop-ext,,,S5,24,0.0,0.0,W3_IS,0.0,3.0
stop-ext,,,S6,40,0.0,0.0,W3_IS,0.0,3.0
stop-ext,,,S1,27,121.0,92.6,W3_IS,50.0,1.5
stop-ext,,,S2,33,-362.0,75.8,W3_IS,50.0,1.5
stop-ext,,,S3,27,121.0,92.6,W3_IS,50.0,1.5
stop-ext,,,S4,23,69.0,91.3,W3_IS,50.0,1.5
stop-ext,,,S5,24,190.0,95.8,W3_IS,50.0,1.5
stop-ext,,,S6,39,-272.0,79.5,W3_IS,50.0,1.5
stop-ext,,,S1,27,226.0,92.6,W3_IS,50.0,2.0
stop-ext,,,S2,33,-342.0,72.7,W3_IS,50.0,2.0
stop-ext,,,S3,27,226.0,92.6,W3_IS,50.0,2.0
stop-ext,,,S4,23,156.0,91.3,W3_IS,50.0,2.0
stop-ext,,,S5,24,282.0,95.8,W3_IS,50.0,2.0
stop-ext,,,S6,39,-219.0,76.9,W3_IS,50.0,2.0
stop-ext,,,S1,27,92.0,81.5,W3_IS,50.0,3.0
stop-ext,,,S2,33,-65.0,72.7,W3_IS,50.0,3.0
stop-ext,,,S3,27,92.0,81.5,W3_IS,50.0,3.0
stop-ext,,,S4,23,79.0,82.6,W3_IS,50.0,3.0
stop-ext,,,S5,24,243.0,87.5,W3_IS,50.0,3.0
stop-ext,,,S6,39,134.0,76.9,W3_IS,50.0,3.0
stop-ext,,,S1,27,224.0,85.2,W3_IS,100.0,1.5
stop-ext,,,S2,31,256.0,80.6,W3_IS,100.0,1.5
stop-ext,,,S3,27,224.0,85.2,W3_IS,100.0,1.5
stop-ext,,,S4,23,212.0,87.0,W3_IS,100.0,1.5
stop-ext,,,S5,24,243.0,87.5,W3_IS,100.0,1.5
stop-ext,,,S6,37,466.0,83.8,W3_IS,100.0,1.5
stop-ext,,,S1,27,418.0,85.2,W3_IS,100.0,2.0
stop-ext,,,S2,31,414.0,77.4,W3_IS,100.0,2.0
stop-ext,,,S3,27,418.0,85.2,W3_IS,100.0,2.0
stop-ext,,,S4,23,378.0,87.0,W3_IS,100.0,2.0
stop-ext,,,S5,24,412.0,87.5,W3_IS,100.0,2.0
stop-ext,,,S6,37,694.0,81.1,W3_IS,100.0,2.0
stop-ext,,,S1,27,670.0,81.5,W3_IS,100.0,3.0
stop-ext,,,S2,31,649.0,71.0,W3_IS,100.0,3.0
stop-ext,,,S3,27,670.0,81.5,W3_IS,100.0,3.0
stop-ext,,,S4,23,574.0,82.6,W3_IS,100.0,3.0
stop-ext,,,S5,24,750.0,87.5,W3_IS,100.0,3.0
stop-ext,,,S6,37,934.0,73.0,W3_IS,100.0,3.0
stop-ext,,,S1,27,203.0,70.4,W3_IS,200.0,1.5
stop-ext,,,S2,31,586.0,67.7,W3_IS,200.0,1.5
stop-ext,,,S3,27,203.0,70.4,W3_IS,200.0,1.5
stop-ext,,,S4,23,-4.0,65.2,W3_IS,200.0,1.5
stop-ext,,,S5,24,172.0,70.8,W3_IS,200.0,1.5
stop-ext,,,S6,37,696.0,67.6,W3_IS,200.0,1.5
stop-ext,,,S1,27,197.0,63.0,W3_IS,200.0,2.0
stop-ext,,,S2,31,688.0,61.3,W3_IS,200.0,2.0
stop-ext,,,S3,27,197.0,63.0,W3_IS,200.0,2.0
stop-ext,,,S4,23,244.0,65.2,W3_IS,200.0,2.0
stop-ext,,,S5,24,138.0,62.5,W3_IS,200.0,2.0
stop-ext,,,S6,37,888.0,62.2,W3_IS,200.0,2.0
stop-ext,,,S1,27,-410.0,40.7,W3_IS,200.0,3.0
stop-ext,,,S2,31,1012.0,54.8,W3_IS,200.0,3.0
stop-ext,,,S3,27,-410.0,40.7,W3_IS,200.0,3.0
stop-ext,,,S4,23,-226.0,43.5,W3_IS,200.0,3.0
stop-ext,,,S5,24,-513.0,37.5,W3_IS,200.0,3.0
stop-ext,,,S6,37,460.0,45.9,W3_IS,200.0,3.0
multi-tier,1.0,0.15,S1,30,-352.0,13.3,W3_OOS,,
multi-tier,1.0,0.15,S2,42,396.0,23.8,W3_OOS,,
multi-tier,1.0,0.15,S3,30,-352.0,13.3,W3_OOS,,
multi-tier,1.0,0.15,S4,30,-253.0,13.3,W3_OOS,,
multi-tier,1.0,0.15,S5,28,-281.0,14.3,W3_OOS,,
multi-tier,1.0,0.15,S6,44,372.0,22.7,W3_OOS,,
multi-tier,1.0,0.3,S1,30,-352.0,13.3,W3_OOS,,
multi-tier,1.0,0.3,S2,42,396.0,23.8,W3_OOS,,
multi-tier,1.0,0.3,S3,30,-352.0,13.3,W3_OOS,,
multi-tier,1.0,0.3,S4,30,-253.0,13.3,W3_OOS,,
multi-tier,1.0,0.3,S5,28,-281.0,14.3,W3_OOS,,
multi-tier,1.0,0.3,S6,44,372.0,22.7,W3_OOS,,
multi-tier,1.0,0.5,S1,30,-352.0,13.3,W3_OOS,,
multi-tier,1.0,0.5,S2,42,396.0,23.8,W3_OOS,,
multi-tier,1.0,0.5,S3,30,-352.0,13.3,W3_OOS,,
multi-tier,1.0,0.5,S4,30,-253.0,13.3,W3_OOS,,
multi-tier,1.0,0.5,S5,28,-281.0,14.3,W3_OOS,,
multi-tier,1.0,0.5,S6,44,372.0,22.7,W3_OOS,,
multi-tier,2.0,0.15,S1,64,115.0,21.9,W3_OOS,,
multi-tier,2.0,0.15,S2,84,273.0,23.8,W3_OOS,,
multi-tier,2.0,0.15,S3,64,115.0,21.9,W3_OOS,,
multi-tier,2.0,0.15,S4,64,234.0,21.9,W3_OOS,,
multi-tier,2.0,0.15,S5,60,187.0,23.3,W3_OOS,,
multi-tier,2.0,0.15,S6,88,238.0,22.7,W3_OOS,,
multi-tier,2.0,0.3,S1,68,159.0,23.5,W3_OOS,,
multi-tier,2.0,0.3,S2,92,193.0,25.0,W3_OOS,,
multi-tier,2.0,0.3,S3,68,159.0,23.5,W3_OOS,,
multi-tier,2.0,0.3,S4,68,275.0,23.5,W3_OOS,,
multi-tier,2.0,0.3,S5,64,231.0,25.0,W3_OOS,,
multi-tier,2.0,0.3,S6,96,134.0,24.0,W3_OOS,,
multi-tier,2.0,0.5,S1,68,-168.0,20.6,W3_OOS,,
multi-tier,2.0,0.5,S2,92,193.0,25.0,W3_OOS,,
multi-tier,2.0,0.5,S3,68,-168.0,20.6,W3_OOS,,
multi-tier,2.0,0.5,S4,68,-77.0,20.6,W3_OOS,,
multi-tier,2.0,0.5,S5,64,-77.0,21.9,W3_OOS,,
multi-tier,2.0,0.5,S6,96,134.0,24.0,W3_OOS,,
multi-tier,3.0,0.15,S1,102,301.0,25.5,W3_OOS,,
multi-tier,3.0,0.15,S2,134,179.0,24.6,W3_OOS,,
multi-tier,3.0,0.15,S3,102,301.0,25.5,W3_OOS,,
multi-tier,3.0,0.15,S4,102,424.0,25.5,W3_OOS,,
multi-tier,3.0,0.15,S5,96,372.0,27.1,W3_OOS,,
multi-tier,3.0,0.15,S6,140,124.0,23.6,W3_OOS,,
multi-tier,3.0,0.3,S1,106,112.0,24.5,W3_OOS,,
multi-tier,3.0,0.3,S2,142,41.0,23.9,W3_OOS,,
multi-tier,3.0,0.3,S3,106,112.0,24.5,W3_OOS,,
multi-tier,3.0,0.3,S4,106,216.0,24.5,W3_OOS,,
multi-tier,3.0,0.3,S5,100,196.0,26.0,W3_OOS,,
multi-tier,3.0,0.3,S6,148,-33.0,23.0,W3_OOS,,
multi-tier,3.0,0.5,S1,106,-62.0,23.6,W3_OOS,,
multi-tier,3.0,0.5,S2,142,-1.0,23.2,W3_OOS,,
multi-tier,3.0,0.5,S3,106,-62.0,23.6,W3_OOS,,
multi-tier,3.0,0.5,S4,106,23.0,23.6,W3_OOS,,
multi-tier,3.0,0.5,S5,100,32.0,25.0,W3_OOS,,
multi-tier,3.0,0.5,S6,148,-77.0,22.3,W3_OOS,,
stop-ext,,,S1,19,0.0,0.0,W3_OOS,0.0,1.5
stop-ext,,,S2,25,0.0,0.0,W3_OOS,0.0,1.5
stop-ext,,,S3,19,0.0,0.0,W3_OOS,0.0,1.5
stop-ext,,,S4,19,0.0,0.0,W3_OOS,0.0,1.5
stop-ext,,,S5,18,0.0,0.0,W3_OOS,0.0,1.5
stop-ext,,,S6,26,0.0,0.0,W3_OOS,0.0,1.5
stop-ext,,,S1,19,0.0,0.0,W3_OOS,0.0,2.0
stop-ext,,,S2,25,0.0,0.0,W3_OOS,0.0,2.0
stop-ext,,,S3,19,0.0,0.0,W3_OOS,0.0,2.0
stop-ext,,,S4,19,0.0,0.0,W3_OOS,0.0,2.0
stop-ext,,,S5,18,0.0,0.0,W3_OOS,0.0,2.0
stop-ext,,,S6,26,0.0,0.0,W3_OOS,0.0,2.0
stop-ext,,,S1,19,0.0,0.0,W3_OOS,0.0,3.0
stop-ext,,,S2,25,0.0,0.0,W3_OOS,0.0,3.0
stop-ext,,,S3,19,0.0,0.0,W3_OOS,0.0,3.0
stop-ext,,,S4,19,0.0,0.0,W3_OOS,0.0,3.0
stop-ext,,,S5,18,0.0,0.0,W3_OOS,0.0,3.0
stop-ext,,,S6,26,0.0,0.0,W3_OOS,0.0,3.0
stop-ext,,,S1,19,48.0,89.5,W3_OOS,50.0,1.5
stop-ext,,,S2,25,-314.0,72.0,W3_OOS,50.0,1.5
stop-ext,,,S3,19,48.0,89.5,W3_OOS,50.0,1.5
stop-ext,,,S4,19,36.0,89.5,W3_OOS,50.0,1.5
stop-ext,,,S5,18,31.0,88.9,W3_OOS,50.0,1.5
stop-ext,,,S6,26,-400.0,69.2,W3_OOS,50.0,1.5
stop-ext,,,S1,19,116.0,89.5,W3_OOS,50.0,2.0
stop-ext,,,S2,25,-440.0,64.0,W3_OOS,50.0,2.0
stop-ext,,,S3,19,116.0,89.5,W3_OOS,50.0,2.0
stop-ext,,,S4,19,100.0,89.5,W3_OOS,50.0,2.0
stop-ext,,,S5,18,93.0,88.9,W3_OOS,50.0,2.0
stop-ext,,,S6,26,-534.0,61.5,W3_OOS,50.0,2.0
stop-ext,,,S1,19,251.0,89.5,W3_OOS,50.0,3.0
stop-ext,,,S2,25,-516.0,56.0,W3_OOS,50.0,3.0
stop-ext,,,S3,19,251.0,89.5,W3_OOS,50.0,3.0
stop-ext,,,S4,19,227.0,89.5,W3_OOS,50.0,3.0
stop-ext,,,S5,18,216.0,88.9,W3_OOS,50.0,3.0
stop-ext,,,S6,26,-618.0,53.8,W3_OOS,50.0,3.0
stop-ext,,,S1,17,181.0,88.2,W3_OOS,100.0,1.5
stop-ext,,,S2,25,-148.0,68.0,W3_OOS,100.0,1.5
stop-ext,,,S3,17,181.0,88.2,W3_OOS,100.0,1.5
stop-ext,,,S4,17,171.0,88.2,W3_OOS,100.0,1.5
stop-ext,,,S5,16,160.0,87.5,W3_OOS,100.0,1.5
stop-ext,,,S6,26,-222.0,65.4,W3_OOS,100.0,1.5
stop-ext,,,S1,17,300.0,88.2,W3_OOS,100.0,2.0
stop-ext,,,S2,25,30.0,68.0,W3_OOS,100.0,2.0
stop-ext,,,S3,17,300.0,88.2,W3_OOS,100.0,2.0
stop-ext,,,S4,17,283.0,88.2,W3_OOS,100.0,2.0
stop-ext,,,S5,16,269.0,87.5,W3_OOS,100.0,2.0
stop-ext,,,S6,26,-40.0,65.4,W3_OOS,100.0,2.0
stop-ext,,,S1,17,266.0,76.5,W3_OOS,100.0,3.0
stop-ext,,,S2,25,91.0,60.0,W3_OOS,100.0,3.0
stop-ext,,,S3,17,266.0,76.5,W3_OOS,100.0,3.0
stop-ext,,,S4,17,252.0,76.5,W3_OOS,100.0,3.0
stop-ext,,,S5,16,214.0,75.0,W3_OOS,100.0,3.0
stop-ext,,,S6,26,16.0,57.7,W3_OOS,100.0,3.0
stop-ext,,,S1,17,-6.0,64.7,W3_OOS,200.0,1.5
stop-ext,,,S2,23,176.0,60.9,W3_OOS,200.0,1.5
stop-ext,,,S3,17,-6.0,64.7,W3_OOS,200.0,1.5
stop-ext,,,S4,17,-3.0,64.7,W3_OOS,200.0,1.5
stop-ext,,,S5,16,-58.0,62.5,W3_OOS,200.0,1.5
stop-ext,,,S6,23,194.0,60.9,W3_OOS,200.0,1.5
stop-ext,,,S1,17,16.0,58.8,W3_OOS,200.0,2.0
stop-ext,,,S2,23,124.0,52.2,W3_OOS,200.0,2.0
stop-ext,,,S3,17,16.0,58.8,W3_OOS,200.0,2.0
stop-ext,,,S4,17,19.0,58.8,W3_OOS,200.0,2.0
stop-ext,,,S5,16,-57.0,56.2,W3_OOS,200.0,2.0
stop-ext,,,S6,23,152.0,52.2,W3_OOS,200.0,2.0
stop-ext,,,S1,17,-13.0,47.1,W3_OOS,200.0,3.0
stop-ext,,,S2,23,26.0,39.1,W3_OOS,200.0,3.0
stop-ext,,,S3,17,-13.0,47.1,W3_OOS,200.0,3.0
stop-ext,,,S4,17,-5.0,47.1,W3_OOS,200.0,3.0
stop-ext,,,S5,16,56.0,50.0,W3_OOS,200.0,3.0
stop-ext,,,S6,23,64.0,39.1,W3_OOS,200.0,3.0
multi-tier,1.0,0.15,S1,42,297.0,26.2,W4_IS,,
multi-tier,1.0,0.15,S2,66,844.0,24.2,W4_IS,,
multi-tier,1.0,0.15,S3,42,319.0,26.2,W4_IS,,
multi-tier,1.0,0.15,S4,42,578.0,26.2,W4_IS,,
multi-tier,1.0,0.15,S5,38,396.0,26.3,W4_IS,,
multi-tier,1.0,0.15,S6,70,700.0,22.9,W4_IS,,
multi-tier,1.0,0.3,S1,42,297.0,26.2,W4_IS,,
multi-tier,1.0,0.3,S2,66,844.0,24.2,W4_IS,,
multi-tier,1.0,0.3,S3,42,319.0,26.2,W4_IS,,
multi-tier,1.0,0.3,S4,42,578.0,26.2,W4_IS,,
multi-tier,1.0,0.3,S5,38,396.0,26.3,W4_IS,,
multi-tier,1.0,0.3,S6,70,700.0,22.9,W4_IS,,
multi-tier,1.0,0.5,S1,42,297.0,26.2,W4_IS,,
multi-tier,1.0,0.5,S2,66,844.0,24.2,W4_IS,,
multi-tier,1.0,0.5,S3,42,319.0,26.2,W4_IS,,
multi-tier,1.0,0.5,S4,42,578.0,26.2,W4_IS,,
multi-tier,1.0,0.5,S5,38,396.0,26.3,W4_IS,,
multi-tier,1.0,0.5,S6,70,700.0,22.9,W4_IS,,
multi-tier,2.0,0.15,S1,88,910.0,30.7,W4_IS,,
multi-tier,2.0,0.15,S2,132,534.0,23.5,W4_IS,,
multi-tier,2.0,0.15,S3,88,894.0,30.7,W4_IS,,
multi-tier,2.0,0.15,S4,88,1188.0,30.7,W4_IS,,
multi-tier,2.0,0.15,S5,80,985.0,32.5,W4_IS,,
multi-tier,2.0,0.15,S6,140,374.0,22.1,W4_IS,,
multi-tier,2.0,0.3,S1,92,839.0,30.4,W4_IS,,
multi-tier,2.0,0.3,S2,140,402.0,24.3,W4_IS,,
multi-tier,2.0,0.3,S3,92,820.0,30.4,W4_IS,,
multi-tier,2.0,0.3,S4,92,1092.0,30.4,W4_IS,,
multi-tier,2.0,0.3,S5,84,905.0,32.1,W4_IS,,
multi-tier,2.0,0.3,S6,148,254.0,23.0,W4_IS,,
multi-tier,2.0,0.5,S1,92,377.0,28.3,W4_IS,,
multi-tier,2.0,0.5,S2,140,402.0,24.3,W4_IS,,
multi-tier,2.0,0.5,S3,92,377.0,28.3,W4_IS,,
multi-tier,2.0,0.5,S4,92,608.0,28.3,W4_IS,,
multi-tier,2.0,0.5,S5,84,501.0,29.8,W4_IS,,
multi-tier,2.0,0.5,S6,148,254.0,23.0,W4_IS,,
multi-tier,3.0,0.15,S1,138,1067.0,31.9,W4_IS,,
multi-tier,3.0,0.15,S2,206,343.0,23.8,W4_IS,,
multi-tier,3.0,0.15,S3,138,1036.0,31.9,W4_IS,,
multi-tier,3.0,0.15,S4,138,1327.0,31.9,W4_IS,,
multi-tier,3.0,0.15,S5,126,1128.0,34.1,W4_IS,,
multi-tier,3.0,0.15,S6,218,185.0,22.5,W4_IS,,
multi-tier,3.0,0.3,S1,142,711.0,30.3,W4_IS,,
multi-tier,3.0,0.3,S2,214,139.0,23.4,W4_IS,,
multi-tier,3.0,0.3,S3,142,691.0,30.3,W4_IS,,
multi-tier,3.0,0.3,S4,142,941.0,30.3,W4_IS,,
multi-tier,3.0,0.3,S5,130,805.0,32.3,W4_IS,,
multi-tier,3.0,0.3,S6,226,-19.0,22.1,W4_IS,,
multi-tier,3.0,0.5,S1,146,415.0,28.8,W4_IS,,
multi-tier,3.0,0.5,S2,218,42.0,22.5,W4_IS,,
multi-tier,3.0,0.5,S3,146,405.0,28.8,W4_IS,,
multi-tier,3.0,0.5,S4,146,624.0,28.8,W4_IS,,
multi-tier,3.0,0.5,S5,134,539.0,30.6,W4_IS,,
multi-tier,3.0,0.5,S6,230,-119.0,21.3,W4_IS,,
stop-ext,,,S1,27,0.0,0.0,W4_IS,0.0,1.5
stop-ext,,,S2,39,0.0,0.0,W4_IS,0.0,1.5
stop-ext,,,S3,27,0.0,0.0,W4_IS,0.0,1.5
stop-ext,,,S4,27,0.0,0.0,W4_IS,0.0,1.5
stop-ext,,,S5,25,0.0,0.0,W4_IS,0.0,1.5
stop-ext,,,S6,41,0.0,0.0,W4_IS,0.0,1.5
stop-ext,,,S1,27,0.0,0.0,W4_IS,0.0,2.0
stop-ext,,,S2,39,0.0,0.0,W4_IS,0.0,2.0
stop-ext,,,S3,27,0.0,0.0,W4_IS,0.0,2.0
stop-ext,,,S4,27,0.0,0.0,W4_IS,0.0,2.0
stop-ext,,,S5,25,0.0,0.0,W4_IS,0.0,2.0
stop-ext,,,S6,41,0.0,0.0,W4_IS,0.0,2.0
stop-ext,,,S1,27,0.0,0.0,W4_IS,0.0,3.0
stop-ext,,,S2,39,0.0,0.0,W4_IS,0.0,3.0
stop-ext,,,S3,27,0.0,0.0,W4_IS,0.0,3.0
stop-ext,,,S4,27,0.0,0.0,W4_IS,0.0,3.0
stop-ext,,,S5,25,0.0,0.0,W4_IS,0.0,3.0
stop-ext,,,S6,41,0.0,0.0,W4_IS,0.0,3.0
stop-ext,,,S1,27,65.0,88.9,W4_IS,50.0,1.5
stop-ext,,,S2,38,-622.0,71.1,W4_IS,50.0,1.5
stop-ext,,,S3,27,64.0,88.9,W4_IS,50.0,1.5
stop-ext,,,S4,27,51.0,88.9,W4_IS,50.0,1.5
stop-ext,,,S5,25,117.0,92.0,W4_IS,50.0,1.5
stop-ext,,,S6,40,-748.0,70.0,W4_IS,50.0,1.5
stop-ext,,,S1,27,186.0,88.9,W4_IS,50.0,2.0
stop-ext,,,S2,38,-846.0,63.2,W4_IS,50.0,2.0
stop-ext,,,S3,27,181.0,88.9,W4_IS,50.0,2.0
stop-ext,,,S4,27,163.0,88.9,W4_IS,50.0,2.0
stop-ext,,,S5,25,222.0,92.0,W4_IS,50.0,2.0
stop-ext,,,S6,40,-988.0,62.5,W4_IS,50.0,2.0
stop-ext,,,S1,27,428.0,88.9,W4_IS,50.0,3.0
stop-ext,,,S2,38,-873.0,57.9,W4_IS,50.0,3.0
stop-ext,,,S3,27,414.0,88.9,W4_IS,50.0,3.0
stop-ext,,,S4,27,388.0,88.9,W4_IS,50.0,3.0
stop-ext,,,S5,25,432.0,92.0,W4_IS,50.0,3.0
stop-ext,,,S6,40,-1012.0,57.5,W4_IS,50.0,3.0
stop-ext,,,S1,25,424.0,92.0,W4_IS,100.0,1.5
stop-ext,,,S2,38,-262.0,68.4,W4_IS,100.0,1.5
stop-ext,,,S3,25,400.0,92.0,W4_IS,100.0,1.5
stop-ext,,,S4,25,400.0,92.0,W4_IS,100.0,1.5
stop-ext,,,S5,23,350.0,91.3,W4_IS,100.0,1.5
stop-ext,,,S6,40,-346.0,67.5,W4_IS,100.0,1.5
stop-ext,,,S1,25,649.0,92.0,W4_IS,100.0,2.0
stop-ext,,,S2,38,66.0,68.4,W4_IS,100.0,2.0
stop-ext,,,S3,25,617.0,92.0,W4_IS,100.0,2.0
stop-ext,,,S4,25,611.0,92.0,W4_IS,100.0,2.0
stop-ext,,,S5,23,540.0,91.3,W4_IS,100.0,2.0
stop-ext,,,S6,40,10.0,67.5,W4_IS,100.0,2.0
stop-ext,,,S1,25,709.0,84.0,W4_IS,100.0,3.0
stop-ext,,,S2,38,317.0,63.2,W4_IS,100.0,3.0
stop-ext,,,S3,25,678.0,84.0,W4_IS,100.0,3.0
stop-ext,,,S4,25,675.0,84.0,W4_IS,100.0,3.0
stop-ext,,,S5,23,580.0,82.6,W4_IS,100.0,3.0
stop-ext,,,S6,40,289.0,62.5,W4_IS,100.0,3.0
stop-ext,,,S1,25,80.0,68.0,W4_IS,200.0,1.5
stop-ext,,,S2,36,738.0,69.4,W4_IS,200.0,1.5
stop-ext,,,S3,25,66.0,68.0,W4_IS,200.0,1.5
stop-ext,,,S4,25,80.0,68.0,W4_IS,200.0,1.5
stop-ext,,,S5,23,2.0,65.2,W4_IS,200.0,1.5
stop-ext,,,S6,37,698.0,67.6,W4_IS,200.0,1.5
stop-ext,,,S1,25,192.0,64.0,W4_IS,200.0,2.0
stop-ext,,,S2,36,596.0,58.3,W4_IS,200.0,2.0
stop-ext,,,S3,25,176.0,64.0,W4_IS,200.0,2.0
stop-ext,,,S4,25,190.0,64.0,W4_IS,200.0,2.0
stop-ext,,,S5,23,84.0,60.9,W4_IS,200.0,2.0
stop-ext,,,S6,37,540.0,56.8,W4_IS,200.0,2.0
stop-ext,,,S1,25,-8.0,48.0,W4_IS,200.0,3.0
stop-ext,,,S2,36,386.0,44.4,W4_IS,200.0,3.0
stop-ext,,,S3,25,-24.0,48.0,W4_IS,200.0,3.0
stop-ext,,,S4,25,-5.0,48.0,W4_IS,200.0,3.0
stop-ext,,,S5,23,36.0,47.8,W4_IS,200.0,3.0
stop-ext,,,S6,37,322.0,43.2,W4_IS,200.0,3.0
multi-tier,1.0,0.15,S1,22,-501.0,13.6,W4_OOS,,
multi-tier,1.0,0.15,S2,20,-556.0,10.0,W4_OOS,,
multi-tier,1.0,0.15,S3,18,-347.0,16.7,W4_OOS,,
multi-tier,1.0,0.15,S4,14,-193.0,21.4,W4_OOS,,
multi-tier,1.0,0.15,S5,22,-501.0,13.6,W4_OOS,,
multi-tier,1.0,0.15,S6,28,-868.0,7.1,W4_OOS,,
multi-tier,1.0,0.3,S1,22,-501.0,13.6,W4_OOS,,
multi-tier,1.0,0.3,S2,20,-556.0,10.0,W4_OOS,,
multi-tier,1.0,0.3,S3,18,-347.0,16.7,W4_OOS,,
multi-tier,1.0,0.3,S4,14,-193.0,21.4,W4_OOS,,
multi-tier,1.0,0.3,S5,22,-501.0,13.6,W4_OOS,,
multi-tier,1.0,0.3,S6,28,-868.0,7.1,W4_OOS,,
multi-tier,1.0,0.5,S1,22,-501.0,13.6,W4_OOS,,
multi-tier,1.0,0.5,S2,20,-556.0,10.0,W4_OOS,,
multi-tier,1.0,0.5,S3,18,-347.0,16.7,W4_OOS,,
multi-tier,1.0,0.5,S4,14,-193.0,21.4,W4_OOS,,
multi-tier,1.0,0.5,S5,22,-501.0,13.6,W4_OOS,,
multi-tier,1.0,0.5,S6,28,-868.0,7.1,W4_OOS,,
multi-tier,2.0,0.15,S1,44,-501.0,13.6,W4_OOS,,
multi-tier,2.0,0.15,S2,40,-556.0,10.0,W4_OOS,,
multi-tier,2.0,0.15,S3,36,-347.0,16.7,W4_OOS,,
multi-tier,2.0,0.15,S4,28,-193.0,21.4,W4_OOS,,
multi-tier,2.0,0.15,S5,44,-501.0,13.6,W4_OOS,,
multi-tier,2.0,0.15,S6,56,-868.0,7.1,W4_OOS,,
multi-tier,2.0,0.3,S1,44,-501.0,13.6,W4_OOS,,
multi-tier,2.0,0.3,S2,40,-556.0,10.0,W4_OOS,,
multi-tier,2.0,0.3,S3,36,-347.0,16.7,W4_OOS,,
multi-tier,2.0,0.3,S4,28,-193.0,21.4,W4_OOS,,
multi-tier,2.0,0.3,S5,44,-501.0,13.6,W4_OOS,,
multi-tier,2.0,0.3,S6,56,-868.0,7.1,W4_OOS,,
multi-tier,2.0,0.5,S1,48,-250.0,18.8,W4_OOS,,
multi-tier,2.0,0.5,S2,40,-676.0,5.0,W4_OOS,,
multi-tier,2.0,0.5,S3,40,-96.0,22.5,W4_OOS,,
multi-tier,2.0,0.5,S4,28,-366.0,10.7,W4_OOS,,
multi-tier,2.0,0.5,S5,48,-250.0,18.8,W4_OOS,,
multi-tier,2.0,0.5,S6,60,-646.0,10.0,W4_OOS,,
multi-tier,3.0,0.15,S1,66,-500.0,13.6,W4_OOS,,
multi-tier,3.0,0.15,S2,60,-556.0,10.0,W4_OOS,,
multi-tier,3.0,0.15,S3,54,-346.0,16.7,W4_OOS,,
multi-tier,3.0,0.15,S4,42,-192.0,21.4,W4_OOS,,
multi-tier,3.0,0.15,S5,66,-500.0,13.6,W4_OOS,,
multi-tier,3.0,0.15,S6,84,-868.0,7.1,W4_OOS,,
multi-tier,3.0,0.3,S1,70,-334.0,17.1,W4_OOS,,
multi-tier,3.0,0.3,S2,60,-636.0,6.7,W4_OOS,,
multi-tier,3.0,0.3,S3,58,-180.0,20.7,W4_OOS,,
multi-tier,3.0,0.3,S4,42,-308.0,14.3,W4_OOS,,
multi-tier,3.0,0.3,S5,70,-334.0,17.1,W4_OOS,,
multi-tier,3.0,0.3,S6,88,-644.0,11.4,W4_OOS,,
multi-tier,3.0,0.5,S1,76,-26.0,23.7,W4_OOS,,
multi-tier,3.0,0.5,S2,60,-636.0,6.7,W4_OOS,,
multi-tier,3.0,0.5,S3,64,128.0,28.1,W4_OOS,,
multi-tier,3.0,0.5,S4,44,-192.0,18.2,W4_OOS,,
multi-tier,3.0,0.5,S5,74,-128.0,21.6,W4_OOS,,
multi-tier,3.0,0.5,S6,92,-416.0,15.2,W4_OOS,,
stop-ext,,,S1,14,0.0,0.0,W4_OOS,0.0,1.5
stop-ext,,,S2,10,0.0,0.0,W4_OOS,0.0,1.5
stop-ext,,,S3,12,0.0,0.0,W4_OOS,0.0,1.5
stop-ext,,,S4,8,0.0,0.0,W4_OOS,0.0,1.5
stop-ext,,,S5,13,0.0,0.0,W4_OOS,0.0,1.5
stop-ext,,,S6,16,0.0,0.0,W4_OOS,0.0,1.5
stop-ext,,,S1,14,0.0,0.0,W4_OOS,0.0,2.0
stop-ext,,,S2,10,0.0,0.0,W4_OOS,0.0,2.0
stop-ext,,,S3,12,0.0,0.0,W4_OOS,0.0,2.0
stop-ext,,,S4,8,0.0,0.0,W4_OOS,0.0,2.0
stop-ext,,,S5,13,0.0,0.0,W4_OOS,0.0,2.0
stop-ext,,,S6,16,0.0,0.0,W4_OOS,0.0,2.0
stop-ext,,,S1,14,0.0,0.0,W4_OOS,0.0,3.0
stop-ext,,,S2,10,0.0,0.0,W4_OOS,0.0,3.0
stop-ext,,,S3,12,0.0,0.0,W4_OOS,0.0,3.0
stop-ext,,,S4,8,0.0,0.0,W4_OOS,0.0,3.0
stop-ext,,,S5,13,0.0,0.0,W4_OOS,0.0,3.0
stop-ext,,,S6,16,0.0,0.0,W4_OOS,0.0,3.0
stop-ext,,,S1,14,147.0,100.0,W4_OOS,50.0,1.5
stop-ext,,,S2,10,-41.0,80.0,W4_OOS,50.0,1.5
stop-ext,,,S3,12,126.0,100.0,W4_OOS,50.0,1.5
stop-ext,,,S4,8,84.0,100.0,W4_OOS,50.0,1.5
stop-ext,,,S5,13,137.0,100.0,W4_OOS,50.0,1.5
stop-ext,,,S6,16,46.0,87.5,W4_OOS,50.0,1.5
stop-ext,,,S1,14,196.0,100.0,W4_OOS,50.0,2.0
stop-ext,,,S2,10,-1.0,80.0,W4_OOS,50.0,2.0
stop-ext,,,S3,12,168.0,100.0,W4_OOS,50.0,2.0
stop-ext,,,S4,8,112.0,100.0,W4_OOS,50.0,2.0
stop-ext,,,S5,13,182.0,100.0,W4_OOS,50.0,2.0
stop-ext,,,S6,16,115.0,87.5,W4_OOS,50.0,2.0
stop-ext,,,S1,14,294.0,100.0,W4_OOS,50.0,3.0
stop-ext,,,S2,10,-32.0,70.0,W4_OOS,50.0,3.0
stop-ext,,,S3,12,252.0,100.0,W4_OOS,50.0,3.0
stop-ext,,,S4,8,168.0,100.0,W4_OOS,50.0,3.0
stop-ext,,,S5,13,273.0,100.0,W4_OOS,50.0,3.0
stop-ext,,,S6,16,142.0,81.2,W4_OOS,50.0,3.0
stop-ext,,,S1,14,196.0,92.9,W4_OOS,100.0,1.5
stop-ext,,,S2,10,188.0,90.0,W4_OOS,100.0,1.5
stop-ext,,,S3,12,154.0,91.7,W4_OOS,100.0,1.5
stop-ext,,,S4,8,70.0,87.5,W4_OOS,100.0,1.5
stop-ext,,,S5,13,175.0,92.3,W4_OOS,100.0,1.5
stop-ext,,,S6,16,362.0,93.8,W4_OOS,100.0,1.5
stop-ext,,,S1,14,287.0,92.9,W4_OOS,100.0,2.0
stop-ext,,,S2,10,278.0,90.0,W4_OOS,100.0,2.0
stop-ext,,,S3,12,231.0,91.7,W4_OOS,100.0,2.0
stop-ext,,,S4,8,119.0,87.5,W4_OOS,100.0,2.0
stop-ext,,,S5,13,259.0,92.3,W4_OOS,100.0,2.0
stop-ext,,,S6,16,510.0,93.8,W4_OOS,100.0,2.0
stop-ext,,,S1,14,231.0,78.6,W4_OOS,100.0,3.0
stop-ext,,,S2,10,177.0,70.0,W4_OOS,100.0,3.0
stop-ext,,,S3,12,385.0,91.7,W4_OOS,100.0,3.0
stop-ext,,,S4,8,217.0,87.5,W4_OOS,100.0,3.0
stop-ext,,,S5,13,189.0,76.9,W4_OOS,100.0,3.0
stop-ext,,,S6,16,525.0,81.2,W4_OOS,100.0,3.0
stop-ext,,,S1,14,-7.0,64.3,W4_OOS,200.0,1.5
stop-ext,,,S2,10,177.0,70.0,W4_OOS,200.0,1.5
stop-ext,,,S3,12,147.0,75.0,W4_OOS,200.0,1.5
stop-ext,,,S4,8,217.0,87.5,W4_OOS,200.0,1.5
stop-ext,,,S5,13,-49.0,61.5,W4_OOS,200.0,1.5
stop-ext,,,S6,16,245.0,68.8,W4_OOS,200.0,1.5
stop-ext,,,S1,14,-14.0,57.1,W4_OOS,200.0,2.0
stop-ext,,,S2,10,316.0,70.0,W4_OOS,200.0,2.0
stop-ext,,,S3,12,140.0,66.7,W4_OOS,200.0,2.0
stop-ext,,,S4,8,182.0,75.0,W4_OOS,200.0,2.0
stop-ext,,,S5,13,-70.0,53.8,W4_OOS,200.0,2.0
stop-ext,,,S6,16,460.0,68.8,W4_OOS,200.0,2.0
stop-ext,,,S1,14,-112.0,42.9,W4_OOS,200.0,3.0
stop-ext,,,S2,10,404.0,60.0,W4_OOS,200.0,3.0
stop-ext,,,S3,12,42.0,50.0,W4_OOS,200.0,3.0
stop-ext,,,S4,8,28.0,50.0,W4_OOS,200.0,3.0
stop-ext,,,S5,13,-196.0,38.5,W4_OOS,200.0,3.0
stop-ext,,,S6,16,320.0,50.0,W4_OOS,200.0,3.0
